Workbook

Sheet AI-SP-26
CR1: Assessment of GA's | HP1: Attainment of GAs | HQ1: Attainment of Graduate Attribute
B2: Student Name | C2: Semester 1 | AA2: Semester 2 | AZ2: Semester 3 | BW2: Semester 4 | CR2: Semester 5 | EA2: Semester 6 | FD2: Semester 7 | GJ2: Semester - 8
C3: Application of information & Communication Technologies | H3: Applied Physics | L3: Programming Fundamentals | Q3: Calculus and Analytic Geometry | U3: Functional English | AA3: Expository Writing | AC3: Object Oriented Programming | AI3: Discreate Structures | AL3: Ideology and Constitution of Pakistan | AQ3: Digital Logic Design | AV3: Multi Variable Calculus | AZ3: Data Structures | BC3: Computer Organization & Assembly Language | BF3: Introduction to Artificial Intelligence | BI3: Computer Network | BP3: Probability & Statistics | BW3: Design Analysis of Algorithms | CC3: Data Structures and Algorithms | CG3: Applied Statistics | CL3: Software Engineering | CO3: World History | CR3: Artificial Intelligence | CW3: Data Communication & Computer Networks | DB3: Continuous Discreate Optimization | DG3: Data Base Management Systems | DM3: Introduction to Python Lab | DT3: World Literature | EA3: Machine Learning | EF3: Computer Vision | EL3: Parallel and Distributed Computing | ER3: Academic & Professional Writing | EU3: Logical And Automated Reasoning | EX3: Data Visualization | FD3: Artificial Intelligence | FI3: Philosophy and Critical Thinking | FK3: Natural Language Processing | FP3: Final Year Project - I | GB3: Logical And Automated Reasoning | GF3: Philosophy and Critical Thinking | GJ3: Deep Learning | GO3: Artificial Intelligence for Robotics | GT3: Sociology | GW3: Ethics and Social Responsibility | GZ3: Philosophy and Critical Thinking | HD3: Final Year Project - II
C4: CLO 1 | D4: CLO 2 | E4: CLO 3 | F4: CLO 1 | G4: CLO 2 | H4: CLO 1 | I4: CLO 2 | J4: CLO 3 | K4: CLO 1 | L4: CLO 1 | M4: CLO 2 | N4: CLO 3 | O4: CLO1 | P4: CLO2 | Q4: CLO 1 | R4: CLO 2 | S4: CLO 3 | T4: CLO 3 | U4: CLO 1 | V4: CLO 2 | W4: CLO 3 | X4: CLO 4 | AA4: CLO 1 | AB4: CLO 2 | AC4: CLO 1 | AD4: CLO 2 | AE4: CLO 3 | AF4: CLO 4 | AG4: CLO 1 | AH4: CLO 2 | AI4: CLO 1 | AJ4: CLO 2 | AK4: CLO 3 | AL4: CLO 1 | AM4: CLO 2 | AN4: CLO 3 | AO4: CLO4 | AP4: CLO5 | AQ4: CLO 1 | AR4: CLO 2 | AS4: CLO 3 | AT4: CLO 5 | AU4: CLO 4 | AV4: CLO 1 | AW4: CLO 2 | AX4: CLO 3 | AY4: CLO 4 | AZ4: CLO 1 | BA4: CLO 2 | BB4: CLO 3 | BC4: CLO 1 | BD4: CLO 2 | BE4: CLO 3 | BF4: CLO 1 | BG4: CLO 2 | BH4: CLO 3 | BI4: CLO 1 | BJ4: CLO 2 | BK4: CLO 3 | BL4: CLO 4 | BM4: CLO 5 | BN4: CLO 6 | BO4: CLO 7 | BP4: CLO 1 | BQ4: CLO 2 | BR4: CLO 3 | BS4: CLO 4 | BT4: CLO 5 | BU4: CLO 1 | BV4: CLO 2 | BW4: CLO 1 | BX4: CLO 2 | BY4: CLO 3 | BZ4: CLO 4 | CA4: CLO 5 | CB4: CLO 6 | CC4: CLO 1 | CD4: CLO 2 | CE4: CLO 3 | CF4: CLO 4 | CG4: CLO 1 | CH4: CLO 2 | CI4: CLO 3 | CJ4: CLO 1 | CK4: CLO 2 | CL4: CLO 1 | CM4: CLO 2 | CN4: CLO 3 | CO4: CLO 1 | CP4: CLO 2 | CQ4: CLO 3 | CR4: CLO1 | CS4: CLO2 | CT4: CLO 3 | CU4: CLO 1 | CV4: CLO 2 | CW4: CLO 1 | CX4: CLO 2 | CY4: CLO 3 | CZ4: CLO 1 | DA4: CLO 2 | DB4: CLO1 | DC4: CLO2 | DD4: CLO3 | DE4: CLO1 | DF4: CLO2 | DG4: CLO1 | DH4: CLO2 | DI4: CLO3 | DJ4: CLO4 | DK4: CLO1 | DL4: CLO2 | DM4: CLO1 | DN4: CLO2 | DO4: CLO3 | DP4: CLO4 | DQ4: CLO5 | DR4: CLO6 | DS4: CLO7 | DT4: CLO1 | DU4: CLO2 | DV4: CLO3 | DW4: CLO4 | DX4: CLO5 | DY4: CLO6 | DZ4: CLO7 | EA4: CLO1 | EB4: CLO2 | EC4: CLO3 | ED4: CLO1 | EE4: CLO2 | EF4: CLO1 | EG4: CLO2 | EH4: CLO3 | EI4: CLO4 | EJ4: CLO5 | EK4: CLO6 | EL4: CLO1 | EM4: CLO 2 | EN4: CLO 3 | EO4: CLO 4 | EQ4: CLO3 | ER4: CLO1 | ES4: CLO2 | ET4: CLO7 | EU4: CLO1 | EV4: CLO2 | EW4: CLO3 | EX4: CLO1 | EY4: CLO2 | EZ4: CLO3 | FA4: CLO4 | FB4: CLO 1 | FC4: CLO 2 | FD4: CLO1 | FE4: CLO2 | FF4: CLO 3 | FG4: CLO 1 | FH4: CLO 2 | FI4: CLO1 | FJ4: CLO2 | FK4: CLO1 | FL4: CLO2 | FM4: CLO3 | FN4: CLO 1 | FO4: CLO 2 | FP4: R1 | FQ4: R2 | FR4: R3 | FS4: R4 | FT4: R5 | FU4: R6 | FV4: R7 | FW4: R8 | FX4: R9 | FY4: R10 | FZ4: R11 | GA4: R12 | GB4: CLO 1 | GC4: CLO 2 | GD4: CLO 3 | GE4: CLO 4 | GJ4: CLO1 | GK4: CLO 2 | GL4: CLO 3 | GM4: CLO 1 | GN4: CLO 2 | GO4: CLO1 | GP4: CLO2 | GQ4: CLO3 | GR4: CLO 1 | GS4: CLO 2 | GT4: CLO1 | GU4: CLO2 | GV4: CLO3 | GW4: CLO1 | GX4: CLO2 | GY4: CLO3 | HD4: R1 | HE4: R2 | HF4: R3 | HG4: R4 | HH4: R5 | HI4: R6 | HJ4: R7 | HK4: R8 | HL4: R9 | HM4: R10 | HN4: R11 | HO4: R12 | HQ4: GA1 | HR4: GA2 | HS4: GA3 | HT4: GA4 | HU4: GA5 | HV4: GA6 | HW4: GA7 | HX4: GA8 | HY4: GA9 | HZ4: GA10
C5: Theory | F5: Lab | H5: Theory | K5: Lab | L5: Theory | O5: Lab | Q5: Theory | U5: Theory | AG5: Lab | BQ5: Theory | BU5: Lab | CE5: Lab | CG5: Theory | CJ5: Lab | CL5: GA 2 | CM5: GA 3 | CN5: GA 5 | CR5: Theory | CU5: Lab | CW5: Theory | CZ5: Lab | DB5: Theory | DE5: Lab | DG5: Theory | DK5: Lab | EA5: Theory | ED5: Lab | EL5: Theory | EP5: Lab | EU5: Theory | EX5: Theory | FB5: Lab | FD5: Theory | FG5: Lab | FK5: Theory | FN5: Lab | GJ5: Theory | GM5: Lab | GO5: Theory | GR5: Lab
C6: GA1 | D6: GA 2 | E6: GA4 | F6: GA1 | G6: GA 2 | H6: GA2 | I6: GA 2 | J6: GA2 | K6: GA5 | L6: GA 1 | M6: GA 2 | N6: GA 4 | O6: GA 2 | P6: GA 5 | Q6: GA 1 | R6: GA 2 | S6: GA 3 | T6: GA 4 | U6: GA 5 | V6: GA 5 | W6: GA 7 | X6: GA 2 | AA6: GA10 | AC6: GA 2 | AE6: GA 4 | AG6: GA 4 | AH6: GA 5 | AI6: GA1 | AL6: GA1 | AM6: GA 2 | AQ6: GA1 | AU6: GA4 | AV6: GA1 | AW6: GA2 | AX6: GA1 | AY6: GA2 | AZ6: GA5 | BB6: GA1 | BC6: GA2 | BE6: GA4 | BF6: GA6 | BG6: GA7 | BH6: GA8 | BI6: GA1 | BN6: GA8 | BO6: GA10 | BP6: GA1 | BQ6: GA2 | BS6: GA 5 | BU6: GA 2 | BV6: GA5 | BW6: GA2 | BX6: GA3 | BY6: GA2 | BZ6: GA4 | CA6: GA8 | CB6: GA10 | CC6: GA 2 | CD6: GA 5 | CE6: GA 2 | CF6: GA 3 | CG6: GA2 | CH6: GA3 | CI6: GA5 | CJ6: GA8 | CK6: GA10 | CL6: PLO10 | CM6: PLO9 | CN6: PLO5 | CO6: PLO1 | CQ6: PLO3 | CR6: GA 1 | CS6: GA 2 | CT6: GA 3 | CU6: GA 4 | CV6: GA 5 | CW6: GA2 | CX6: GA3 | CY6: GA5 | CZ6: GA8 | DA6: GA10 | DB6: GA 1 | DC6: GA 2 | DD6: GA 5 | DE6: GA 5 | DG6: GA 1 | DH6: GA 3 | DI6: GA 4 | DJ6: GA 5 | DK6: GA 4 | DM6: PLO2 | DP6: PLO3 | DQ6: PLO5 | DR6: PLO8 | DS6: PLO10 | DT6: PLO2 | DV6: PLO3 | DW6: PLO5 | DX6: PLO1 | DY6: PLO8 | DZ6: PLO10 | EA6: GA 1 | EB6: GA 3 | ED6: GA 1 | EE6: GA 3 | EF6: PLO1 | EG6: PLO3 | EH6: PLO2 | EI6: PLO5 | EJ6: PLO8 | EK6: PLO10 | EL6: GA 1 | EM6: GA 2 | EN6: GA 3 | EO6: GA 4 | ER6: GA 1 | ES6: GA 7 | ET6: GA 8 | EU6: GA 1 | EV6: GA 2 | EW6: GA 9 | EX6: GA2 | EY6: GA 2 | EZ6: GA 3 | FA6: GA 5 | FB6: GA 3 | FC6: GA 4 | FD6: GA 1 | FE6: GA 2 | FF6: GA 3 | FG6: GA 4 | FH6: GA 5 | FI6: PLO4 | FJ6: PLO5 | FK6: GA 1 | FL6: GA 2 | FM6: GA 3 | FN6: GA 1 | FO6: GA 3 | FP6: GA1 | FQ6: GA2 | FR6: GA3 | FS6: GA4 | FT6: GA5 | FU6: GA6 | FV6: GA7 | FW6: GA8 | FX6: GA9 | FY6: GA10 | FZ6: GA11 | GA6: GA12 | GJ6: GA 1 | GK6: GA 3 | GM6: GA 1 | GN6: GA 3 | GO6: GA 1 | GP6: GA 2 | GQ6: GA 5 | GR6: GA 5 | GT6: PLO1 | GW6: PLO1 | GX6: PLO2 | GY6: PLO5 | HD6: GA1 | HE6: GA2 | HF6: GA3 | HG6: GA4 | HH6: GA5 | HI6: GA6 | HJ6: GA7 | HK6: GA8 | HL6: GA9 | HM6: GA10 | HN6: GA11 | HO6: GA12
A7: 052-26-128002 | B7: Muhammad Umar Jalal | C7: 59.05 | D7: 78.89 | E7: 85.65 | F7: 59.05 | G7: 78.89 | H7: 75.43 | I7: 66 | J7: 66 | K7: 94.21 | HQ7: =AVERAGE(F7,K7,L7) | HR7: =AVERAGE(C7,#REF!,M7,O7,Q7,U7,Z7) | HS7: =AVERAGE(R7) | HT7: =AVERAGE(N7) | HU7: =AVERAGE(V7,P7,#REF!) | HW7: =AVERAGE(X7) | HZ7: =AVERAGE(Y7)
A8: 052-26-128003 | B8: Iftikhar Ahmed | C8: 53.57 | D8: 48.33 | E8: 85.65 | F8: 53.57 | G8: 48.33 | H8: 53.71 | I8: 83.5 | J8: 83.5 | K8: 75.61 | HQ8: =AVERAGE(F8,K8,L8) | HR8: =AVERAGE(C8,#REF!,M8,O8,Q8,U8,Z8) | HS8: =AVERAGE(R8) | HT8: =AVERAGE(N8) | HU8: =AVERAGE(V8,P8,#REF!) | HW8: =AVERAGE(X8) | HZ8: =AVERAGE(Y8)
A9: 052-26-128005 | B9: Shah nawaz | C9: 83.81 | D9: 61.39 | E9: 90 | F9: 83.81 | G9: 61.39 | H9: 7 | I9: 62 | J9: 20.5 | K9: 92.28 | HQ9: =AVERAGE(F9,K9,L9) | HR9: =AVERAGE(C9,#REF!,M9,O9,Q9,U9,Z9) | HS9: =AVERAGE(R9) | HT9: =AVERAGE(N9) | HU9: =AVERAGE(V9,P9,#REF!) | HW9: =AVERAGE(X9) | HZ9: =AVERAGE(Y9)
A10: 052-26-128006 | B10: Hamid Safeer | C10: 77.38 | D10: 70.28 | E10: 85.65 | F10: 77.38 | G10: 70.28 | H10: 69 | I10: 81.67 | J10: 79.23 | K10: 81.93 | HQ10: =AVERAGE(F10,K10,L10) | HR10: =AVERAGE(C10,#REF!,M10,O10,Q10,U10,Z10) | HS10: =AVERAGE(R10) | HT10: =AVERAGE(N10) | HU10: =AVERAGE(V10,P10,#REF!) | HW10: =AVERAGE(X10) | HZ10: =AVERAGE(Y10)
A11: 052-26-128008 | B11: Aazib Ilyas | C11: 83.33 | D11: 73.06 | E11: 85.65 | F11: 83.33 | G11: 73.06 | H11: 42 | I11: 48.67 | J11: 48.67 | K11: 85.96 | HQ11: =AVERAGE(F11,K11,L11) | HR11: =AVERAGE(C11,#REF!,M11,O11,Q11,U11,Z11) | HS11: =AVERAGE(R11) | HT11: =AVERAGE(N11) | HU11: =AVERAGE(V11,P11,#REF!) | HW11: =AVERAGE(X11) | HZ11: =AVERAGE(Y11)
A12: 052-26-128012 | B12: Alishba Rasheed | C12: 75.71 | D12: 69.44 | E12: 90 | F12: 75.71 | G12: 69.44 | H12: 53.43 | I12: 68 | J12: 68 | K12: 84.04 | HQ12: =AVERAGE(F12,K12,L12) | HR12: =AVERAGE(C12,#REF!,M12,O12,Q12,U12,Z12) | HS12: =AVERAGE(R12) | HT12: =AVERAGE(N12) | HU12: =AVERAGE(V12,P12,#REF!) | HW12: =AVERAGE(X12) | HZ12: =AVERAGE(Y12)
A13: 052-26-128013 | B13: ABDUR REHMAN | C13: 82.14 | D13: 66.94 | E13: 85.65 | F13: 82.14 | G13: 66.94 | H13: 50 | I13: 57.67 | J13: 50.23 | K13: 82.28 | HQ13: =AVERAGE(F13,K13,L13) | HR13: =AVERAGE(C13,#REF!,M13,O13,Q13,U13,Z13) | HS13: =AVERAGE(R13) | HT13: =AVERAGE(N13) | HU13: =AVERAGE(V13,P13,#REF!) | HW13: =AVERAGE(X13) | HZ13: =AVERAGE(Y13)
A14: 052-26-128016 | B14: Muzammil Ashraf | C14: 50 | D14: 54.44 | E14: 85.65 | F14: 50 | G14: 54.44 | H14: 82.29 | I14: 90 | J14: 90 | K14: 99.12 | HQ14: =AVERAGE(F14,K14,L14) | HR14: =AVERAGE(C14,#REF!,M14,O14,Q14,U14,Z14) | HS14: =AVERAGE(R14) | HT14: =AVERAGE(N14) | HU14: =AVERAGE(V14,P14,#REF!) | HW14: =AVERAGE(X14) | HZ14: =AVERAGE(Y14)
A15: 052-26-128017 | B15: TOUFEEQ UMAR | C15: 73.81 | D15: 66.94 | E15: 88.55 | F15: 73.81 | G15: 66.94 | H15: 56.43 | I15: 65.67 | J15: 65.67 | K15: 94.91 | HQ15: =AVERAGE(F15,K15,L15) | HR15: =AVERAGE(C15,#REF!,M15,O15,Q15,U15,Z15) | HS15: =AVERAGE(R15) | HT15: =AVERAGE(N15) | HU15: =AVERAGE(V15,P15,#REF!) | HW15: =AVERAGE(X15) | HZ15: =AVERAGE(Y15)
A16: 052-26-128020 | B16: Adil Kamal | C16: 61.9 | D16: 70.83 | E16: 78.41 | F16: 61.9 | G16: 70.83 | H16: 84.29 | I16: 85 | J16: 85 | K16: 87.37 | HQ16: =AVERAGE(F16,K16,L16) | HR16: =AVERAGE(C16,#REF!,M16,O16,Q16,U16,Z16) | HS16: =AVERAGE(R16) | HT16: =AVERAGE(N16) | HU16: =AVERAGE(V16,P16,#REF!) | HW16: =AVERAGE(X16) | HZ16: =AVERAGE(Y16)
A17: 052-26-128023 | B17: IBADUR RAHMAN | C17: 64.29 | D17: 68.61 | E17: 85.65 | F17: 64.29 | G17: 68.61 | H17: 50.43 | I17: 50.67 | J17: 50.62 | K17: 90.18 | HQ17: =AVERAGE(F17,K17,L17) | HR17: =AVERAGE(C17,#REF!,M17,O17,Q17,U17,Z17) | HS17: =AVERAGE(R17) | HT17: =AVERAGE(N17) | HU17: =AVERAGE(V17,P17,#REF!) | HW17: =AVERAGE(X17) | HZ17: =AVERAGE(Y17)
A18: 052-26-128026 | B18: Rao Saim Naeem | C18: 100 | D18: 74.44 | E18: 85.65 | F18: 100 | G18: 74.44 | H18: 32 | I18: 63 | J18: 22.87 | K18: 90.7 | HQ18: =AVERAGE(F18,K18,L18) | HR18: =AVERAGE(C18,#REF!,M18,O18,Q18,U18,Z18) | HS18: =AVERAGE(R18) | HT18: =AVERAGE(N18) | HU18: =AVERAGE(V18,P18,#REF!) | HW18: =AVERAGE(X18) | HZ18: =AVERAGE(Y18)
... A26: 052-26-128071 | B26: Muhammad subhan sikander | C26: 78.33 | D26: 71.11 | E26: 87.1 | F26: 78.33 | G26: 71.11 | H26: 50.71 | I26: 53.98 | J26: 56.56 | K26: 83.68 | HQ26: =AVERAGE(F26,K26,L26) | HR26: =AVERAGE(C26,#REF!,M26,O26,Q26,U26,Z26) | HS26: =AVERAGE(R26) | HT26: =AVERAGE(N26) | HU26: =AVERAGE(V26,P26,#REF!) | HW26: =AVERAGE(X26) | HZ26: =AVERAGE(Y26)
A27: 052-26-128083 | B27: awais mehmood | C27: 70 | D27: 54.44 | E27: 85.65 | F27: 70 | G27: 54.44 | H27: 88 | I27: 92 | J27: 92 | K27: 78.6 | Y27: =AVERAGE(Y7:Y25) | Z27: =AVERAGE(Z7:Z25) | AA27: =AVERAGE(AA7:AA25) | AB27: =AVERAGE(AB7:AB25) | AC27: =AVERAGE(AC7:AC25) | AD27: =AVERAGE(AD7:AD25) | AE27: =AVERAGE(AE7:AE25) | AF27: =AVERAGE(AF7:AF25) | ... AM27: =AVERAGE(AM7:AM25) | AQ27: =AVERAGE(AQ7:AQ25) | AR27: =AVERAGE(AR7:AR25) | AS27: =AVERAGE(AS7:AS25) | AT27: =AVERAGE(AT7:AT25) | AU27: =AVERAGE(AU7:AU25) | AV27: =AVERAGE(AV7:AV25) | AW27: =AVERAGE(AW7:AW25) | AX27: =AVERAGE(AX7:AX25) | ... EP27: =AVERAGE(EP7:EP25) | ER27: =AVERAGE(ER7:ER25) | ES27: =AVERAGE(ES7:ES25) | ET27: =AVERAGE(ET7:ET25) | EU27: =AVERAGE(EU7:EU25) | EV27: =AVERAGE(EV7:EV25) | EW27: =AVERAGE(EW7:EW25) | EX27: =AVERAGE(EX7:EX25) | EZ27: =AVERAGE(EZ7:EZ25) | FA27: =AVERAGE(FA7:FA25) | FB27: =AVERAGE(FB7:FB25) | FC27: =AVERAGE(FC7:FC25) | FD27: =AVERAGE(FD7:FD25) | FE27: =AVERAGE(FE7:FE25) | FF27: =AVERAGE(FF7:FF25) | FG27: =AVERAGE(FG7:FG25) | ... HO27: =AVERAGE(HO7:HO25) | HQ27: =AVERAGE(HQ7:HQ26) | HR27: =AVERAGE(HR7:HR26) | HS27: =AVERAGE(HS7:HS26) | HT27: =AVERAGE(HT7:HT26) | HU27: =AVERAGE(HU7:HU26) | HW27: =AVERAGE(HW7:HW26) | HZ27: =AVERAGE(HZ7:HZ26)
A28: 052-26-128084 | B28: Muhammad Hassan | C28: 50 | D28: 54.44 | E28: 56.67 | F28: 50 | G28: 54 | H28: 0 | I28: 0 | J28: 0 | K28: 78.25
A29: 052-26-128085 | B29: Nimra bibi | C29: 64.29 | D29: 67.78 | E29: 85.65 | F29: 64.29 | G29: 67.78 | H29: 46 | I29: 66 | J29: 66 | K29: 88.6
A30: 052-26-128087 | B30: Saqib Ahmad | C30: 82.14 | D30: 66.94 | E30: 85.65 | F30: 82.14 | G30: 66.94 | H30: 54 | I30: 55.33 | J30: 55.33 | K30: 93.86
A31: 052-26-128096 | B31: Sahar Saleem | C31: 33.33 | D31: 54.44 | E31: 56.67 | F31: 33.33 | G31: 54.44 | H31: 0 | I31: 0 | J31: 0 | K31: 75.96
A32: 052-26-128097 | B32: Abdullah zulfqar | C32: 72.62 | D32: 66.67 | E32: 85.65 | F32: 72.62 | G32: 66.67 | H32: 51.09 | I32: 77 | J32: 50.23 | K32: 74.56
A33: 052-26-128102 | B33: Abdul Rahman | C33: 69.05 | D33: 68.33 | E33: 85.65 | F33: 69.05 | G33: 68.33 | H33: 80.43 | I33: 71.33 | J33: 71.33 | K33: 79.3
A34: 052-26-128105 | B34: Shariq | C34: 64.29 | D34: 68.06 | E34: 85.65 | F34: 64.29 | G34: 68.06 | H34: 24 | I34: 17 | J34: 11.98 | K34: 89.65
A35: 052-26-128122 | B35: Muhammad Saad Ali Sajjad | C35: 80.95 | D35: 71.11 | E35: 85.65 | F35: 80.95 | G35: 71.11 | H35: 41.43 | I35: 30 | J35: 25.98 | K35: 90.7
A36: 052-26-128147 | B36: Jawad Ahmed | C36: 60.95 | D36: 67.78 | E36: 85.65 | F36: 60.95 | G36: 67.78 | H36: 20 | I36: 40 | J36: 17.67 | K36: 85.09
A37: 052-26-128154 | B37: Abdullah khalil | C37: 73.81 | D37: 68.06 | E37: 85.65 | F37: 73.81 | G37: 68.06 | H37: 86.29 | I37: 90.67 | J37: 90.67 | K37: 81.93
A38: 052-26-128156 | B38: Syed Haseeb Ali Haider | C38: 85.71 | D38: 68.89 | E38: 85.65 | F38: 85.71 | G38: 68.89 | H38: 52.43 | I38: 52.98 | J38: 56.78 | K38: 72.98
A39: 052-26-128160 | B39: Anas Raza Khan | C39: 91.67 | D39: 73.06 | E39: 85.65 | F39: 91.67 | G39: 73.06 | H39: 69.14 | I39: 83.33 | J39: 56.78 | K39: 78.6
... A59: 052-26-128267 | B59: Umm-e- Farwa | C59: 84 | D59: 78.89 | E59: 85.65 | F59: 73.81 | G59: 68.06 | H59: 79.43 | I59: 86.67 | J59: 86.67 | K59: 0
C60: =AVERAGE(C7:C59) | D60: =AVERAGE(D7:D59) | E60: =AVERAGE(E7:E59) | F60: =AVERAGE(F7:F59) | G60: =AVERAGE(G7:G59) | H60: =AVERAGE(H7:H59) | I60: =AVERAGE(I7:I59) | J60: =AVERAGE(J7:J59) | ... HO60: =AVERAGE(HO7:HO59)

Sheet AI-FA-25
A1: Batch Spring 2025 | CV1: Assessment of GA's | HT1: Attainment of GAs | HU1: Attainment of Graduate Attribute
B2: Sr. No. | D2: Student Name | E2: Semester 1 | AE2: Semester 2 | BD2: Semester 3 | CA2: Semester 4 | CV2: Semester 5 | EE2: Semester 6 | FH2: Semester 7 | GN2: Semester - 8
E3: Application of information & Communication Technologies | K3: Applied Physics | P3: Programming Fundamentals | U3: Calculus and Analytic Geometry | Y3: Functional English | AE3: Expository Writing | AG3: Object Oriented Programming | AM3: Discreate Structures | AP3: Ideology and Constitution of Pakistan | AU3: Digital Logic Design | AZ3: Multi Variable Calculus | BD3: Data Structures | BG3: Computer Organization & Assembly Language | BJ3: Introduction to Artificial Intelligence | BM3: Computer Network | BT3: Probability & Statistics | CA3: Design Analysis of Algorithms | CG3: Data Structures and Algorithms | CK3: Applied Statistics | CP3: Software Engineering | CS3: World History | CV3: Artificial Intelligence | DA3: Data Communication & Computer Networks | DF3: Continuous Discreate Optimization | DK3: Data Base Management Systems | DQ3: Introduction to Python Lab | DX3: World Literature | EE3: Machine Learning | EJ3: Computer Vision | EP3: Parallel and Distributed Computing | EV3: Academic & Professional Writing | EY3: Logical And Automated Reasoning | FB3: Data Visualization | FH3: Artificial Intelligence | FM3: Philosophy and Critical Thinking | FO3: Natural Language Processing | FT3: Final Year Project - I | GF3: Logical And Automated Reasoning | GJ3: Philosophy and Critical Thinking | GN3: Deep Learning | GS3: Artificial Intelligence for Robotics | GX3: Sociology | HA3: Ethics and Social Responsibility | HD3: Philosophy and Critical Thinking | HH3: Final Year Project - II
E4: CLO 1 | F4: CLO 2 | G4: CLO 3 | H4: CLO 1 | I4: CLO 2 | J4: CLO 3 | K4: CLO 1 | L4: CLO 2 | M4: CLO 3 | N4: CLO 1 | O4: CLO 2 | P4: CLO 1 | Q4: CLO 2 | R4: CLO 3 | S4: CLO1 | T4: CLO2 | U4: CLO 1 | V4: CLO 2 | W4: CLO 3 | X4: CLO 3 | Y4: CLO 1 | Z4: CLO 2 | AA4: CLO 3 | AB4: CLO 4 | AE4: CLO 1 | AF4: CLO 2 | AG4: CLO 1 | AH4: CLO 2 | AI4: CLO 3 | AJ4: CLO 4 | AK4: CLO 1 | AL4: CLO 2 | AM4: CLO 1 | AN4: CLO 2 | AO4: CLO 3 | AP4: CLO 1 | AQ4: CLO 2 | AR4: CLO 3 | AS4: CLO4 | AT4: CLO5 | AU4: CLO 1 | AV4: CLO 2 | AW4: CLO 3 | AX4: CLO 5 | AY4: CLO 4 | AZ4: CLO 1 | BA4: CLO 2 | BB4: CLO 3 | BC4: CLO 4 | BD4: CLO 1 | BE4: CLO 2 | BF4: CLO 3 | BG4: CLO 1 | BH4: CLO 2 | BI4: CLO 3 | BJ4: CLO 1 | BK4: CLO 2 | BL4: CLO 3 | BM4: CLO 1 | BN4: CLO 2 | BO4: CLO 3 | BP4: CLO 4 | BQ4: CLO 5 | BR4: CLO 6 | BS4: CLO 7 | BT4: CLO 1 | BU4: CLO 2 | BV4: CLO 3 | BW4: CLO 4 | BX4: CLO 5 | BY4: CLO 1 | BZ4: CLO 2 | CA4: CLO 1 | CB4: CLO 2 | CC4: CLO 3 | CD4: CLO 4 | CE4: CLO 5 | CF4: CLO 6 | CG4: CLO 1 | CH4: CLO 2 | CI4: CLO 3 | CJ4: CLO 4 | CK4: CLO 1 | CL4: CLO 2 | CM4: CLO 3 | CN4: CLO 1 | CO4: CLO 2 | CP4: CLO 1 | CQ4: CLO 2 | CR4: CLO 3 | CS4: CLO 1 | CT4: CLO 2 | CU4: CLO 3 | CV4: CLO1 | CW4: CLO2 | CX4: CLO 3 | CY4: CLO 1 | CZ4: CLO 2 | DA4: CLO 1 | DB4: CLO 2 | DC4: CLO 3 | DD4: CLO 1 | DE4: CLO 2 | DF4: CLO1 | DG4: CLO2 | DH4: CLO3 | DI4: CLO1 | DJ4: CLO2 | DK4: CLO1 | DL4: CLO2 | DM4: CLO3 | DN4: CLO4 | DO4: CLO1 | DP4: CLO2 | DQ4: CLO1 | DR4: CLO2 | DS4: CLO3 | DT4: CLO4 | DU4: CLO5 | DV4: CLO6 | DW4: CLO7 | DX4: CLO1 | DY4: CLO2 | DZ4: CLO3 | EA4: CLO4 | EB4: CLO5 | EC4: CLO6 | ED4: CLO7 | EE4: CLO1 | EF4: CLO2 | EG4: CLO3 | EH4: CLO1 | EI4: CLO2 | EJ4: CLO1 | EK4: CLO2 | EL4: CLO3 | EM4: CLO4 | EN4: CLO5 | EO4: CLO6 | EP4: CLO1 | EQ4: CLO 2 | ER4: CLO 3 | ES4: CLO 4 | EU4: CLO3 | EV4: CLO1 | EW4: CLO2 | EX4: CLO7 | EY4: CLO1 | EZ4: CLO2 | FA4: CLO3 | FB4: CLO1 | FC4: CLO2 | FD4: CLO3 | FE4: CLO4 | FF4: CLO 1 | FG4: CLO 2 | FH4: CLO1 | FI4: CLO2 | FJ4: CLO 3 | FK4: CLO 1 | FL4: CLO 2 | FM4: CLO1 | FN4: CLO2 | FO4: CLO1 | FP4: CLO2 | FQ4: CLO3 | FR4: CLO 1 | FS4: CLO 2 | FT4: R1 | FU4: R2 | FV4: R3 | FW4: R4 | FX4: R5 | FY4: R6 | FZ4: R7 | GA4: R8 | GB4: R9 | GC4: R10 | GD4: R11 | GE4: R12 | GF4: CLO 1 | GG4: CLO 2 | GH4: CLO 3 | GI4: CLO 4 | GN4: CLO1 | GO4: CLO 2 | GP4: CLO 3 | GQ4: CLO 1 | GR4: CLO 2 | GS4: CLO1 | GT4: CLO2 | GU4: CLO3 | GV4: CLO 1 | GW4: CLO 2 | GX4: CLO1 | GY4: CLO2 | GZ4: CLO3 | HA4: CLO1 | HB4: CLO2 | HC4: CLO3 | HH4: R1 | HI4: R2 | HJ4: R3 | HK4: R4 | HL4: R5 | HM4: R6 | HN4: R7 | HO4: R8 | HP4: R9 | HQ4: R10 | HR4: R11 | HS4: R12 | HU4: GA1 | HV4: GA2 | HW4: GA3 | HX4: GA4 | HY4: GA5 | HZ4: GA6 | IA4: GA7 | IB4: GA8 | IC4: GA9 | ID4: GA10
E5: Theory | H5: Lab | K5: Theory | N5: Lab | P5: Theory | S5: Lab | U5: Theory | Y5: Theory | AK5: Lab | BU5: Theory | BY5: Lab | CI5: Lab | CK5: Theory | CN5: Lab | CP5: GA 2 | CQ5: GA 3 | CR5: GA 5 | CV5: Theory | CY5: Lab | DA5: Theory | DD5: Lab | DF5: Theory | DI5: Lab | DK5: Theory | DO5: Lab | EE5: Theory | EH5: Lab | EP5: Theory | ET5: Lab | EY5: Theory | FB5: Theory | FF5: Lab | FH5: Theory | FK5: Lab | FO5: Theory | FR5: Lab | GN5: Theory | GQ5: Lab | GS5: Theory | GV5: Lab
E6: GA2 | F6: GA 2 | G6: GA5 | H6: GA7 | I6: GA 2 | J6: GA6 | K6: GA1 | L6: GA 2 | M6: GA2 | N6: GA1 | P6: GA 1 | Q6: GA 2 | R6: GA 4 | S6: GA 2 | T6: GA 5 | U6: GA 1 | V6: GA 2 | W6: GA 3 | X6: GA 4 | Y6: GA 5 | Z6: GA 5 | AA6: GA 7 | AB6: GA 2 | AE6: GA10 | AG6: GA 2 | AI6: GA 4 | AK6: GA 4 | AL6: GA 5 | AM6: GA1 | AP6: GA1 | AQ6: GA 2 | AU6: GA1 | AY6: GA4 | AZ6: GA1 | BA6: GA2 | BB6: GA1 | BC6: GA2 | BD6: GA5 | BF6: GA1 | BG6: GA2 | BI6: GA4 | BJ6: GA6 | BK6: GA7 | BL6: GA8 | BM6: GA1 | BR6: GA8 | BS6: GA10 | BT6: GA1 | BU6: GA2 | BW6: GA 5 | BY6: GA 2 | BZ6: GA5 | CA6: GA2 | CB6: GA3 | CC6: GA2 | CD6: GA4 | CE6: GA8 | CF6: GA10 | CG6: GA 2 | CH6: GA 5 | CI6: GA 2 | CJ6: GA 3 | CK6: GA2 | CL6: GA3 | CM6: GA5 | CN6: GA8 | CO6: GA10 | CP6: PLO10 | CQ6: PLO9 | CR6: PLO5 | CS6: PLO1 | CU6: PLO3 | CV6: GA 1 | CW6: GA 2 | CX6: GA 3 | CY6: GA 4 | CZ6: GA 5 | DA6: GA2 | DB6: GA3 | DC6: GA5 | DD6: GA8 | DE6: GA10 | DF6: GA 1 | DG6: GA 2 | DH6: GA 5 | DI6: GA 5 | DK6: GA 1 | DL6: GA 3 | DM6: GA 4 | DN6: GA 5 | DO6: GA 4 | DQ6: PLO2 | DT6: PLO3 | DU6: PLO5 | DV6: PLO8 | DW6: PLO10 | DX6: PLO2 | DZ6: PLO3 | EA6: PLO5 | EB6: PLO1 | EC6: PLO8 | ED6: PLO10 | EE6: GA 1 | EF6: GA 3 | EH6: GA 1 | EI6: GA 3 | EJ6: PLO1 | EK6: PLO3 | EL6: PLO2 | EM6: PLO5 | EN6: PLO8 | EO6: PLO10 | EP6: GA 1 | EQ6: GA 2 | ER6: GA 3 | ES6: GA 4 | EV6: GA 1 | EW6: GA 7 | EX6: GA 8 | EY6: GA 1 | EZ6: GA 2 | FA6: GA 9 | FB6: GA2 | FC6: GA 2 | FD6: GA 3 | FE6: GA 5 | FF6: GA 3 | FG6: GA 4 | FH6: GA 1 | FI6: GA 2 | FJ6: GA 3 | FK6: GA 4 | FL6: GA 5 | FM6: PLO4 | FN6: PLO5 | FO6: GA 1 | FP6: GA 2 | FQ6: GA 3 | FR6: GA 1 | FS6: GA 3 | FT6: GA1 | FU6: GA2 | FV6: GA3 | FW6: GA4 | FX6: GA5 | FY6: GA6 | FZ6: GA7 | GA6: GA8 | GB6: GA9 | GC6: GA10 | GD6: GA11 | GE6: GA12 | GN6: GA 1 | GO6: GA 3 | GQ6: GA 1 | GR6: GA 3 | GS6: GA 1 | GT6: GA 2 | GU6: GA 5 | GV6: GA 5 | GX6: PLO1 | HA6: PLO1 | HB6: PLO2 | HC6: PLO5 | HH6: GA1 | HI6: GA2 | HJ6: GA3 | HK6: GA4 | HL6: GA5 | HM6: GA6 | HN6: GA7 | HO6: GA8 | HP6: GA9 | HQ6: GA10 | HR6: GA11 | HS6: GA12
B7: 1 | C7: 052-25-26075 | D7: Wahaj Nawaz Khan | E7: 0 | F7: 0 | G7: 0 | H7: 0 | I7: 0 | J7: 0 | K7: 0 | L7: 0 | M7: 0 | N7: 83.92 | P7: 68 | Q7: 56.11 | R7: 50 | S7: 67.27 | T7: 83.33 | U7: 0 | V7: 0 | W7: 0 | X7: 0 | Y7: 0 | Z7: 0 | AA7: 0 | AB7: 0 | HU7: =AVERAGE(H7,N7,P7) | HV7: =AVERAGE(E7,J7,Q7,S7,U7,Y7,AD7) | HW7: =AVERAGE(V7) | HX7: =AVERAGE(R7) | HY7: =AVERAGE(Z7,T7,G7) | IA7: =AVERAGE(AB7) | ID7: =AVERAGE(AC7)
B8: 2 | C8: 052-25-27216 | D8: Muhammad Hamza Abbasi | E8: 76.67 | F8: 83.5 | G8: 79.44 | H8: 79.67 | I8: 80.95 | J8: 80 | K8: 83.33 | L8: 88.89 | M8: 67.94 | N8: 90.33 | P8: 77.78 | Q8: 77.78 | R8: 51.11 | S8: 79.39 | T8: 82.88 | U8: 65 | V8: 58.33 | W8: 66.67 | X8: 100 | Y8: 91.25 | Z8: 80.67 | AA8: 83.33 | AB8: 85 | HU8: =AVERAGE(H8,N8,P8) | HV8: =AVERAGE(E8,J8,Q8,S8,U8,Y8,AD8) | HW8: =AVERAGE(V8) | HX8: =AVERAGE(R8) | HY8: =AVERAGE(Z8,T8,G8) | IA8: =AVERAGE(AB8) | ID8: =AVERAGE(AC8)
B9: 3 | C9: 052-25-27217 | D9: Fasih Rathiyal | E9: 81.33 | F9: 81 | G9: 78.89 | H9: 78.67 | I9: 84.29 | J9: 78.33 | K9: 83.5 | L9: 73.61 | M9: 60.58 | N9: 81.1 | P9: 64 | Q9: 70.56 | R9: 50.56 | S9: 61.52 | T9: 59.55 | U9: 64.44 | V9: 59.17 | W9: 91.67 | X9: 100 | Y9: 88.75 | Z9: 74 | AA9: 86.67 | AB9: 90 | HU9: =AVERAGE(H9,N9,P9) | HV9: =AVERAGE(E9,J9,Q9,S9,U9,Y9,AD9) | HW9: =AVERAGE(V9) | HX9: =AVERAGE(R9) | HY9: =AVERAGE(Z9,T9,G9) | IA9: =AVERAGE(AB9) | ID9: =AVERAGE(AC9)
B10: 4 | C10: 052-25-27221 | D10: Haider Ali | E10: 78 | F10: 81.5 | G10: 78.89 | H10: 77.67 | I10: 75.24 | J10: 78.33 | K10: 66.5 | L10: 78.33 | M10: 51.69 | N10: 86.58 | P10: 50 | Q10: 61.11 | R10: 57.78 | S10: 66.67 | T10: 75.91 | U10: 47.78 | V10: 30 | W10: 0 | X10: 0 | Y10: 83.75 | Z10: 78 | AA10: 80 | AB10: 90 | HU10: =AVERAGE(H10,N10,P10) | HV10: =AVERAGE(E10,J10,Q10,S10,U10,Y10,AD10) | HW10: =AVERAGE(V10) | HX10: =AVERAGE(R10) | HY10: =AVERAGE(Z10,T10,G10) | IA10: =AVERAGE(AB10) | ID10: =AVERAGE(AC10)
B11: 5 | C11: 052-25-27224 | D11: Sadia Imran | E11: 84.67 | F11: 81.75 | G11: 83.89 | H11: 86 | I11: 81.9 | J11: 86.67 | K11: 70.33 | L11: 70.83 | M11: 58.5 | N11: 90.9 | P11: 96 | Q11: 90.56 | R11: 83.89 | S11: 86.97 | T11: 91.21 | U11: 65.56 | V11: 58.33 | W11: 25 | X11: 75 | Y11: 96.25 | Z11: 92 | AA11: 90 | AB11: 90 | HU11: =AVERAGE(H11,N11,P11) | HV11: =AVERAGE(E11,J11,Q11,S11,U11,Y11,AD11) | HW11: =AVERAGE(V11) | HX11: =AVERAGE(R11) | HY11: =AVERAGE(Z11,T11,G11) | IA11: =AVERAGE(AB11) | ID11: =AVERAGE(AC11)
B12: 6 | C12: 052-25-27229 | D12: Muhammad Haider Iqbal | E12: 66.67 | F12: 76.25 | G12: 73.89 | H12: 73.33 | I12: 75.71 | J12: 73.33 | K12: 74.67 | L12: 79.72 | M12: 63.22 | N12: 20.42 | P12: 18 | Q12: 26.67 | R12: 15 | S12: 21.21 | T12: 9.09 | U12: 57.78 | V12: 65 | W12: 25 | X12: 75 | Y12: 96.25 | Z12: 82.67 | AA12: 93.33 | AB12: 90 | HU12: =AVERAGE(H12,N12,P12) | HV12: =AVERAGE(E12,J12,Q12,S12,U12,Y12,AD12) | HW12: =AVERAGE(V12) | HX12: =AVERAGE(R12) | HY12: =AVERAGE(Z12,T12,G12) | IA12: =AVERAGE(AB12) | ID12: =AVERAGE(AC12)
B13: 7 | C13: 052-25-27252 | D13: Hifza Noor | E13: 85.33 | F13: 83.5 | G13: 78.89 | H13: 84.33 | I13: 85.71 | J13: 87.78 | K13: 78.5 | L13: 85 | M13: 72.53 | N13: 89.66 | P13: 74 | Q13: 60 | R13: 60.56 | S13: 77.27 | T13: 84.55 | U13: 67.22 | V13: 67.5 | W13: 58.33 | X13: 25 | Y13: 81.25 | Z13: 70.67 | AA13: 83.33 | AB13: 85 | HU13: =AVERAGE(H13,N13,P13) | HV13: =AVERAGE(E13,J13,Q13,S13,U13,Y13,AD13) | HW13: =AVERAGE(V13) | HX13: =AVERAGE(R13) | HY13: =AVERAGE(Z13,T13,G13) | IA13: =AVERAGE(AB13) | ID13: =AVERAGE(AC13)
B14: 8 | C14: 052-25-27262 | D14: Usman Khan | E14: 38.67 | F14: 51 | G14: 46.11 | H14: 49 | I14: 52.38 | J14: 53.33 | K14: 70.33 | L14: 79.17 | M14: 61.86 | N14: 51.11 | P14: 72 | Q14: 60 | R14: 58.89 | S14: 62.73 | T14: 73.18 | U14: 41.11 | V14: 37.5 | W14: 8.33 | X14: 50 | Y14: 82.5 | Z14: 68 | AA14: 83.33 | AB14: 85 | HU14: =AVERAGE(H14,N14,P14) | HV14: =AVERAGE(E14,J14,Q14,S14,U14,Y14,AD14) | HW14: =AVERAGE(V14) | HX14: =AVERAGE(R14) | HY14: =AVERAGE(Z14,T14,G14) | IA14: =AVERAGE(AB14) | ID14: =AVERAGE(AC14)
B15: 9 | C15: 052-25-27270 | D15: Fasih Ur Rehman | E15: 85.33 | F15: 85.5 | G15: 84.44 | H15: 83.33 | I15: 84.76 | J15: 87.22 | K15: 74.33 | L15: 81.94 | M15: 67.11 | N15: 88.32 | P15: 74 | Q15: 90.56 | R15: 73.33 | S15: 84.85 | T15: 78.18 | U15: 68.33 | V15: 78.33 | W15: 16.67 | X15: 100 | Y15: 76.25 | Z15: 76.67 | AA15: 90 | AB15: 85 | HU15: =AVERAGE(H15,N15,P15) | HV15: =AVERAGE(E15,J15,Q15,S15,U15,Y15,AD15) | HW15: =AVERAGE(V15) | HX15: =AVERAGE(R15) | HY15: =AVERAGE(Z15,T15,G15) | IA15: =AVERAGE(AB15) | ID15: =AVERAGE(AC15)
B16: 10 | C16: 052-25-27273 | D16: Muhammad Arslan | E16: 67.33 | F16: 79.5 | G16: 83.89 | H16: 84.67 | I16: 76.67 | J16: 83.33 | K16: 75.17 | L16: 74.44 | M16: 54.61 | N16: 85.74 | P16: 72 | Q16: 51.67 | R16: 51.11 | S16: 76.97 | T16: 80 | U16: 52.22 | V16: 54.17 | W16: 50 | X16: 50 | Y16: 87.5 | Z16: 80 | AA16: 83.33 | AB16: 90 | HU16: =AVERAGE(H16,N16,P16) | HV16: =AVERAGE(E16,J16,Q16,S16,U16,Y16,AD16) | HW16: =AVERAGE(V16) | HX16: =AVERAGE(R16) | HY16: =AVERAGE(Z16,T16,G16) | IA16: =AVERAGE(AB16) | ID16: =AVERAGE(AC16)
B17: 11 | C17: 052-25-27286 | D17: Sajjad Hussain | E17: 64 | F17: 67.5 | G17: 68.33 | H17: 63.33 | I17: 72.38 | J17: 71.67 | K17: 96 | L17: 92.22 | M17: 57 | N17: 91.72 | P17: 94 | Q17: 92.22 | R17: 91.11 | S17: 90.61 | T17: 97.58 | U17: 41.11 | V17: 29.17 | W17: 0 | X17: 0 | Y17: 80 | Z17: 76 | AA17: 76.67 | AB17: 85 | HU17: =AVERAGE(H17,N17,P17) | HV17: =AVERAGE(E17,J17,Q17,S17,U17,Y17,AD17) | HW17: =AVERAGE(V17) | HX17: =AVERAGE(R17) | HY17: =AVERAGE(Z17,T17,G17) | IA17: =AVERAGE(AB17) | ID17: =AVERAGE(AC17)
B18: 12 | C18: 052-25-27301 | D18: Abdar Hussain | E18: 64.67 | F18: 60.5 | G18: 58.33 | H18: 61 | I18: 58.57 | J18: 62.22 | K18: 75.83 | L18: 74.44 | M18: 69.19 | N18: 81.64 | P18: 90 | Q18: 91.67 | R18: 80 | S18: 87.88 | T18: 80.91 | U18: 55 | V18: 46.67 | W18: 25 | X18: 50 | Y18: 90 | Z18: 83.33 | AA18: 83.33 | AB18: 90 | HU18: =AVERAGE(H18,N18,P18) | HV18: =AVERAGE(E18,J18,Q18,S18,U18,Y18,AD18) | HW18: =AVERAGE(V18) | HX18: =AVERAGE(R18) | HY18: =AVERAGE(Z18,T18,G18) | IA18: =AVERAGE(AB18) | ID18: =AVERAGE(AC18)
... B26: 20 | C26: 052-25-27441 | D26: Atif Ullah | E26: 65.33 | F26: 64.25 | G26: 68.33 | H26: 64.33 | I26: 62.39 | J26: 65.56 | K26: 76.67 | L26: 65.56 | M26: 65.11 | N26: 26.78 | P26: 50 | Q26: 13.33 | R26: 21.67 | S26: 63.03 | T26: 64.24 | U26: 52.78 | V26: 43.33 | W26: 33.33 | X26: 50 | Y26: 83.75 | Z26: 76.67 | AA26: 73.33 | AB26: 90 | HU26: =AVERAGE(H26,N26,P26) | HV26: =AVERAGE(E26,J26,Q26,S26,U26,Y26,AD26) | HW26: =AVERAGE(V26) | HX26: =AVERAGE(R26) | HY26: =AVERAGE(Z26,T26,G26) | IA26: =AVERAGE(AB26) | ID26: =AVERAGE(AC26)
B27: Class Average | E27: =AVERAGE(E7:E25) | F27: =AVERAGE(F7:F25) | G27: =AVERAGE(G7:G25) | H27: =AVERAGE(H7:H25) | I27: =AVERAGE(I7:I25) | J27: =AVERAGE(J7:J25) | K27: =AVERAGE(K7:K25) | L27: =AVERAGE(L7:L25) | ... N27: =AVERAGE(N7:N25) | P27: =AVERAGE(P7:P25) | Q27: =AVERAGE(Q7:Q25) | R27: =AVERAGE(R7:R25) | S27: =AVERAGE(S7:S25) | T27: =AVERAGE(T7:T25) | U27: =AVERAGE(U7:U25) | V27: =AVERAGE(V7:V25) | W27: =AVERAGE(W7:W25) | ... AQ27: =AVERAGE(AQ7:AQ25) | AU27: =AVERAGE(AU7:AU25) | AV27: =AVERAGE(AV7:AV25) | AW27: =AVERAGE(AW7:AW25) | AX27: =AVERAGE(AX7:AX25) | AY27: =AVERAGE(AY7:AY25) | AZ27: =AVERAGE(AZ7:AZ25) | BA27: =AVERAGE(BA7:BA25) | BB27: =AVERAGE(BB7:BB25) | ... ET27: =AVERAGE(ET7:ET25) | EV27: =AVERAGE(EV7:EV25) | EW27: =AVERAGE(EW7:EW25) | EX27: =AVERAGE(EX7:EX25) | EY27: =AVERAGE(EY7:EY25) | EZ27: =AVERAGE(EZ7:EZ25) | FA27: =AVERAGE(FA7:FA25) | FB27: =AVERAGE(FB7:FB25) | FD27: =AVERAGE(FD7:FD25) | FE27: =AVERAGE(FE7:FE25) | FF27: =AVERAGE(FF7:FF25) | FG27: =AVERAGE(FG7:FG25) | FH27: =AVERAGE(FH7:FH25) | FI27: =AVERAGE(FI7:FI25) | FJ27: =AVERAGE(FJ7:FJ25) | FK27: =AVERAGE(FK7:FK25) | ... HS27: =AVERAGE(HS7:HS25) | HU27: =AVERAGE(HU7:HU26) | HV27: =AVERAGE(HV7:HV26) | HW27: =AVERAGE(HW7:HW26) | HX27: =AVERAGE(HX7:HX26) | HY27: =AVERAGE(HY7:HY26) | IA27: =AVERAGE(IA7:IA26) | ID27: =AVERAGE(ID7:ID26)

Sheet AI-SP-25
A1: Batch Spring 2025 | CQ1: Assessment of GA's | HO1: Attainment of GAs | HP1: Attainment of Graduate Attribute
B2: Sr. No. | D2: Student Name | E2: Semester 1 | AA2: Semester 2 | AY2: Semester 3 | BV2: Semester 4 | CQ2: Semester 5 | DZ2: Semester 6 | FC2: Semester 7 | GI2: Semester - 8
E3: Application of information & Communication Technologies | I3: Applied Physics | N3: Programming Fundamentals | S3: Calculus and Analytic Geometry | V3: Functional English | Y3: Islamic Studies | AA3: Expository Writing | AD3: Object Oriented Programming | AK3: Discreate Structures | AL3: Ideology and Constitution of Pakistan | AN3: Digital Logic Design | AU3: Multi Variable Calculus | AY3: Data Structures | BB3: Computer Organization & Assembly Language | BE3: Introduction to Artificial Intelligence | BH3: Computer Network | BO3: Probability & Statistics | BV3: Design Analysis of Algorithms | CB3: Data Structures and Algorithms | CF3: Applied Statistics | CK3: Software Engineering | CN3: World History | CQ3: Artificial Intelligence | CV3: Data Communication & Computer Networks | DA3: Continuous Discreate Optimization | DF3: Data Base Management Systems | DL3: Introduction to Python Lab | DS3: World Literature | DZ3: Machine Learning | EE3: Computer Vision | EK3: Parallel and Distributed Computing | EQ3: Academic & Professional Writing | ET3: Logical And Automated Reasoning | EW3: Data Visualization | FC3: Artificial Intelligence | FH3: Philosophy and Critical Thinking | FJ3: Natural Language Processing | FO3: Final Year Project - I | GA3: Logical And Automated Reasoning | GE3: Philosophy and Critical Thinking | GI3: Deep Learning | GN3: Artificial Intelligence for Robotics | GS3: Sociology | GV3: Ethics and Social Responsibility | GY3: Philosophy and Critical Thinking | HC3: Final Year Project - II
E4: CLO 1 | F4: CLO 2 | G4: CLO 1 | H4: CLO 2 | I4: CLO 1 | J4: CLO 2 | K4: CLO 3 | L4: CLO 1 | M4: CLO 2 | N4: CLO 1 | O4: CLO 2 | P4: CLO 3 | Q4: CLO1 | R4: CLO2 | S4: CLO 1 | T4: CLO 2 | U4: CLO 3 | V4: CLO 1 | W4: CLO 2 | X4: CLO 4 | Y4: CLO 1 | Z4: CLO 3 | AA4: CLO 1 | AB4: CLO 2 | AC4: CLO 3 | AD4: CLO 1 | AE4: CLO 2 | AF4: CLO 3 | AG4: CLO 1 | AH4: CLO 1 | AI4: CLO 2 | AJ4: CLO 3 | AK4: CLO 3 | AL4: CLO 1 | AM4: CLO 2 | AN4: CLO 1 | AO4: CLO 2 | AP4: CLO 3 | AQ4: CLO 1 | AR4: CLO 2 | AS4: CLO 3 | AT4: CLO 4 | AU4: CLO 1 | AV4: CLO 2 | AW4: CLO 3 | AX4: CLO 4 | AY4: CLO 1 | AZ4: CLO 2 | BA4: CLO 3 | BB4: CLO 1 | BC4: CLO 2 | BD4: CLO 3 | BE4: CLO 1 | BF4: CLO 2 | BG4: CLO 3 | BH4: CLO 1 | BI4: CLO 2 | BJ4: CLO 3 | BK4: CLO 4 | BL4: CLO 5 | BM4: CLO 6 | BN4: CLO 7 | BO4: CLO 1 | BP4: CLO 2 | BQ4: CLO 3 | BR4: CLO 4 | BS4: CLO 5 | BT4: CLO 1 | BU4: CLO 2 | BV4: CLO 1 | BW4: CLO 2 | BX4: CLO 3 | BY4: CLO 4 | BZ4: CLO 5 | CA4: CLO 6 | CB4: CLO 1 | CC4: CLO 2 | CD4: CLO 3 | CE4: CLO 4 | CF4: CLO 1 | CG4: CLO 2 | CH4: CLO 3 | CI4: CLO 1 | CJ4: CLO 2 | CK4: CLO 1 | CL4: CLO 2 | CM4: CLO 3 | CN4: CLO 1 | CO4: CLO 2 | CP4: CLO 3 | CQ4: CLO1 | CR4: CLO2 | CS4: CLO 3 | CT4: CLO 1 | CU4: CLO 2 | CV4: CLO 1 | CW4: CLO 2 | CX4: CLO 3 | CY4: CLO 1 | CZ4: CLO 2 | DA4: CLO1 | DB4: CLO2 | DC4: CLO3 | DD4: CLO1 | DE4: CLO2 | DF4: CLO1 | DG4: CLO2 | DH4: CLO3 | DI4: CLO4 | DJ4: CLO1 | DK4: CLO2 | DL4: CLO1 | DM4: CLO2 | DN4: CLO3 | DO4: CLO4 | DP4: CLO5 | DQ4: CLO6 | DR4: CLO7 | DS4: CLO1 | DT4: CLO2 | DU4: CLO3 | DV4: CLO4 | DW4: CLO5 | DX4: CLO6 | DY4: CLO7 | DZ4: CLO1 | EA4: CLO2 | EB4: CLO3 | EC4: CLO1 | ED4: CLO2 | EE4: CLO1 | EF4: CLO2 | EG4: CLO3 | EH4: CLO4 | EI4: CLO5 | EJ4: CLO6 | EK4: CLO1 | EL4: CLO 2 | EM4: CLO 3 | EN4: CLO 4 | EP4: CLO3 | EQ4: CLO1 | ER4: CLO2 | ES4: CLO7 | ET4: CLO1 | EU4: CLO2 | EV4: CLO3 | EW4: CLO1 | EX4: CLO2 | EY4: CLO3 | EZ4: CLO4 | FA4: CLO 1 | FB4: CLO 2 | FC4: CLO1 | FD4: CLO2 | FE4: CLO 3 | FF4: CLO 1 | FG4: CLO 2 | FH4: CLO1 | FI4: CLO2 | FJ4: CLO1 | FK4: CLO2 | FL4: CLO3 | FM4: CLO 1 | FN4: CLO 2 | FO4: R1 | FP4: R2 | FQ4: R3 | FR4: R4 | FS4: R5 | FT4: R6 | FU4: R7 | FV4: R8 | FW4: R9 | FX4: R10 | FY4: R11 | FZ4: R12 | GA4: CLO 1 | GB4: CLO 2 | GC4: CLO 3 | GD4: CLO 4 | GI4: CLO1 | GJ4: CLO 2 | GK4: CLO 3 | GL4: CLO 1 | GM4: CLO 2 | GN4: CLO1 | GO4: CLO2 | GP4: CLO3 | GQ4: CLO 1 | GR4: CLO 2 | GS4: CLO1 | GT4: CLO2 | GU4: CLO3 | GV4: CLO1 | GW4: CLO2 | GX4: CLO3 | HC4: R1 | HD4: R2 | HE4: R3 | HF4: R4 | HG4: R5 | HH4: R6 | HI4: R7 | HJ4: R8 | HK4: R9 | HL4: R10 | HM4: R11 | HN4: R12 | HP4: GA1 | HQ4: GA2 | HR4: GA3 | HS4: GA4 | HT4: GA5 | HU4: GA6 | HV4: GA7 | HW4: GA8 | HX4: GA9 | HY4: GA10
E5: Theory | G5: Lab | I5: Theory | L5: Lab | N5: Theory | Q5: Lab | V5: Theory | Y5: Theory | AA5: Theory | AD5: Theory | AH5: Lab | AL5: Theory | AN5: Theory | AQ5: Lab | AU5: Theory | BP5: Theory | BT5: Lab | CD5: Lab | CF5: Theory | CI5: Lab | CK5: GA 2 | CL5: GA 3 | CM5: GA 5 | CQ5: Theory | CT5: Lab | CV5: Theory | CY5: Lab | DA5: Theory | DD5: Lab | DF5: Theory | DJ5: Lab | DZ5: Theory | EC5: Lab | EK5: Theory | EO5: Lab | ET5: Theory | EW5: Theory | FA5: Lab | FC5: Theory | FF5: Lab | FJ5: Theory | FM5: Lab | GI5: Theory | GL5: Lab | GN5: Theory | GQ5: Lab
E6: GA2 | F6: GA5 | G6: GA1 | H6: GA2 | I6: GA1 | L6: GA1 | N6: GA 1 | O6: GA 2 | P6: GA 4 | Q6: GA 2 | R6: GA 5 | S6: GA 2 | T6: GA 3 | U6: GA 3 | V6: GA 2 | W6: GA 5 | X6: GA 7 | Y6: GA10 | Z6: GA2 | AA6: GA1 | AB6: GA3 | AC6: GA3 | AD6: GA 1 | AE6: GA 2 | AF6: GA 3 | AG6: GA 4 | AH6: GA 2 | AI6: GA 5 | AJ6: GA 6 | AK6: GA 3 | AL6: GA1 | AM6: GA 2 | AN6: GA 2 | AO6: GA 2 | AP6: GA 3 | AQ6: GA1 | AR6: GA6 | AS6: GA7 | AT6: GA9 | AU6: GA1 | AV6: GA2 | AW6: GA 3 | AX6: GA 4 | AY6: GA5 | BA6: GA1 | BB6: GA2 | BD6: GA4 | BE6: GA6 | BF6: GA7 | BG6: GA8 | BH6: GA1 | BM6: GA8 | BN6: GA10 | BO6: GA1 | BP6: GA2 | BR6: GA 5 | BT6: GA 2 | BU6: GA5 | BV6: GA2 | BW6: GA3 | BX6: GA2 | BY6: GA4 | BZ6: GA8 | CA6: GA10 | CB6: GA 2 | CC6: GA 5 | CD6: GA 2 | CE6: GA 3 | CF6: GA2 | CG6: GA3 | CH6: GA5 | CI6: GA8 | CJ6: GA10 | CK6: PLO10 | CL6: PLO9 | CM6: PLO5 | CN6: PLO1 | CP6: PLO3 | CQ6: GA 1 | CR6: GA 2 | CS6: GA 3 | CT6: GA 4 | CU6: GA 5 | CV6: GA2 | CW6: GA3 | CX6: GA5 | CY6: GA8 | CZ6: GA10 | DA6: GA 1 | DB6: GA 2 | DC6: GA 5 | DD6: GA 5 | DF6: GA 1 | DG6: GA 3 | DH6: GA 4 | DI6: GA 5 | DJ6: GA 4 | DL6: PLO2 | DO6: PLO3 | DP6: PLO5 | DQ6: PLO8 | DR6: PLO10 | DS6: PLO2 | DU6: PLO3 | DV6: PLO5 | DW6: PLO1 | DX6: PLO8 | DY6: PLO10 | DZ6: GA 1 | EA6: GA 3 | EC6: GA 1 | ED6: GA 3 | EE6: PLO1 | EF6: PLO3 | EG6: PLO2 | EH6: PLO5 | EI6: PLO8 | EJ6: PLO10 | EK6: GA 1 | EL6: GA 2 | EM6: GA 3 | EN6: GA 4 | EQ6: GA 1 | ER6: GA 7 | ES6: GA 8 | ET6: GA 1 | EU6: GA 2 | EV6: GA 9 | EW6: GA2 | EX6: GA 2 | EY6: GA 3 | EZ6: GA 5 | FA6: GA 3 | FB6: GA 4 | FC6: GA 1 | FD6: GA 2 | FE6: GA 3 | FF6: GA 4 | FG6: GA 5 | FH6: PLO4 | FI6: PLO5 | FJ6: GA 1 | FK6: GA 2 | FL6: GA 3 | FM6: GA 1 | FN6: GA 3 | FO6: GA1 | FP6: GA2 | FQ6: GA3 | FR6: GA4 | FS6: GA5 | FT6: GA6 | FU6: GA7 | FV6: GA8 | FW6: GA9 | FX6: GA10 | FY6: GA11 | FZ6: GA12 | GI6: GA 1 | GJ6: GA 3 | GL6: GA 1 | GM6: GA 3 | GN6: GA 1 | GO6: GA 2 | GP6: GA 5 | GQ6: GA 5 | GS6: PLO1 | GV6: PLO1 | GW6: PLO2 | GX6: PLO5 | HC6: GA1 | HD6: GA2 | HE6: GA3 | HF6: GA4 | HG6: GA5 | HH6: GA6 | HI6: GA7 | HJ6: GA8 | HK6: GA9 | HL6: GA10 | HM6: GA11 | HN6: GA12
B7: 1 | C7: 052-25-126005 | D7: Naveed ul Hassan | E7: 81.67 | F7: 73.33 | G7: 79.63 | H7: 85.76 | I7: 57.983333 | L7: 83.92 | N7: 68 | O7: 56.11 | P7: 50 | Q7: 67.27 | R7: 83.33 | S7: 92.5 | T7: 89.17 | V7: 75.36 | W7: 75.35 | X7: 100 | Y7: 64.44 | Z7: 74 | AA7: 63.75 | AB7: 50 | AC7: 71.11 | AD7: 0 | AE7: 30 | AF7: 3.3333333 | AG7: 0 | AH7: 35 | AI7: 30 | AJ7: 16 | AK7: 51.51 | AN7: 30.48 | AO7: 4.17 | AP7: 0 | AQ7: 40.3 | AR7: 40.24 | AS7: 32 | AT7: 40 | AU7: 28.75 | AV7: 42.5 | AW7: 8.33 | AX7: 50 | HP7: =AVERAGE(G7,L7,N7) | HQ7: =AVERAGE(E7,H7,O7,Q7,S7,V7,Z7) | HR7: =AVERAGE(T7) | HS7: =AVERAGE(P7) | HT7: =AVERAGE(W7,R7,F7) | HV7: =AVERAGE(X7) | HY7: =AVERAGE(Y7)
B8: 2 | C8: 052-25-126006 | D8: Muhammad Zaid | E8: 75 | F8: 73.33 | G8: 81.48 | H8: 9.88 | I8: 59.872222 | L8: 90.33 | N8: 77.78 | O8: 77.78 | P8: 51.11 | Q8: 79.39 | R8: 82.88 | S8: 92.5 | T8: 83.83 | V8: 85.36 | W8: 74.93 | X8: 100 | Y8: 70.56 | Z8: 78 | AA8: 76.25 | AB8: 74.5 | AC8: 82.22 | AD8: 23.809524 | AE8: 15 | AF8: 51.527778 | AG8: 45 | AH8: 74.05 | AI8: 73.43 | AJ8: 62 | AK8: 79.74 | AL8: 100 | AM8: 16 | AN8: 2.38 | AO8: 14.72 | AP8: 26 | AQ8: 50.67 | AR8: 58.81 | AS8: 68 | AT8: 64 | AU8: 42.5 | AV8: 50.83 | AW8: 58.33 | AX8: 50 | HP8: =AVERAGE(G8,L8,N8) | HQ8: =AVERAGE(E8,H8,O8,Q8,S8,V8,Z8) | HR8: =AVERAGE(T8) | HS8: =AVERAGE(P8) | HT8: =AVERAGE(W8,R8,F8) | HV8: =AVERAGE(X8) | HY8: =AVERAGE(Y8)
B9: 3 | C9: 052-25-126016 | D9: Faham Khan | E9: 70 | F9: 62.22 | G9: 82.96 | H9: 79.85 | I9: 52.25 | L9: 81.1 | N9: 64 | O9: 70.56 | P9: 50.56 | Q9: 61.52 | R9: 59.55 | S9: 82.5 | T9: 82.58 | V9: 84.64 | W9: 83.54 | X9: 100 | Y9: 69.44 | Z9: 72 | AA9: 60 | AB9: 64.5 | AC9: 64.44 | AD9: 19.047619 | AE9: 56.25 | AF9: 68.75 | AG9: 45 | AH9: 33.1 | AI9: 37.14 | AJ9: 25.33 | AK9: 77.24 | AN9: 16.67 | AO9: 0 | AP9: 72 | AQ9: 51.56 | AR9: 57.38 | AS9: 56 | AT9: 56 | AU9: 2.78 | AV9: 2.08 | AW9: 8.33 | AX9: 25 | HP9: =AVERAGE(G9,L9,N9) | HQ9: =AVERAGE(E9,H9,O9,Q9,S9,V9,Z9) | HR9: =AVERAGE(T9) | HS9: =AVERAGE(P9) | HT9: =AVERAGE(W9,R9,F9) | HV9: =AVERAGE(X9) | HY9: =AVERAGE(Y9)
B10: 4 | C10: 052-25-126020 | D10: Muhammad Sudais | E10: 75 | F10: 78.89 | G10: 89.26 | H10: 83.64 | I10: 57.183333 | L10: 86.58 | N10: 50 | O10: 61.11 | P10: 57.78 | Q10: 66.67 | R10: 75.91 | S10: 92.5 | T10: 86.75 | V10: 73.21 | W10: 73.89 | X10: 100 | Y10: 58.89 | Z10: 74 | AA10: 86.25 | AB10: 90 | AC10: 84.44 | AD10: 93.333333 | AE10: 92.5 | AF10: 80.079365 | AG10: 92.307692 | AH10: 83.81 | AI10: 81.14 | AJ10: 72.67 | AK10: 65.99 | AL10: 85 | AM10: 16 | AN10: 56.19 | AO10: 35.56 | AP10: 61.67 | AQ10: 64.59 | AR10: 58.81 | AS10: 52 | AT10: 72 | AU10: 40 | AV10: 47.5 | AW10: 41.67 | AX10: 75 | HP10: =AVERAGE(G10,L10,N10) | HQ10: =AVERAGE(E10,H10,O10,Q10,S10,V10,Z10) | HR10: =AVERAGE(T10) | HS10: =AVERAGE(P10) | HT10: =AVERAGE(W10,R10,F10) | HV10: =AVERAGE(X10) | HY10: =AVERAGE(Y10)
B11: 5 | C11: 052-25-126028 | D11: Hina Qamar | E11: 81.67 | F11: 87.78 | G11: 84.81 | H11: 86.06 | I11: 88.08 | L11: 90.9 | N11: 96 | O11: 90.56 | P11: 83.89 | Q11: 86.97 | R11: 91.21 | S11: 95 | T11: 83.58 | V11: 86.43 | W11: 82.08 | X11: 100 | Y11: 71.11 | Z11: 78 | AA11: 70.42 | AB11: 68.5 | AC11: 73.33 | AD11: 29.047619 | AE11: 42.5 | AF11: 38.90873 | AG11: 56.538462 | AH11: 90.48 | AI11: 89.43 | AJ11: 90.67 | AK11: 87.19 | AL11: 100 | AM11: 16 | AN11: 74.29 | AO11: 82.64 | AP11: 89.33 | AQ11: 84.89 | AR11: 89.76 | AS11: 97.33 | AT11: 92 | AU11: 80.83 | AV11: 83.33 | AW11: 75 | AX11: 25 | HP11: =AVERAGE(G11,L11,N11) | HQ11: =AVERAGE(E11,H11,O11,Q11,S11,V11,Z11) | HR11: =AVERAGE(T11) | HS11: =AVERAGE(P11) | HT11: =AVERAGE(W11,R11,F11) | HV11: =AVERAGE(X11) | HY11: =AVERAGE(Y11)
B12: 6 | C12: 052-25-126035 | D12: Muhammad Talha | E12: 53.33 | F12: 52.22 | G12: 63.7 | H12: 68.71 | I12: 12.666667 | L12: 20.42 | N12: 18 | O12: 26.67 | P12: 15 | Q12: 21.21 | R12: 9.09 | S12: 85 | T12: 78 | V12: 65 | W12: 70.63 | X12: 100 | Y12: 57.78 | Z12: 74 | AA12: 46.25 | AB12: 43.5 | AC12: 44.3 | AD12: 34.285714 | AE12: 62.5 | AF12: 54.22619 | AG12: 91.153846 | AH12: 5.71 | AI12: 11.43 | AJ12: 3.33 | AK12: 60.63 | AN12: 0 | AO12: 6.67 | AP12: 0 | AQ12: 8.89 | AR12: 7.14 | AS12: 3.33 | AT12: 0 | AU12: 5.56 | AV12: 22.92 | AW12: 8.33 | AX12: 100 | HP12: =AVERAGE(G12,L12,N12) | HQ12: =AVERAGE(E12,H12,O12,Q12,S12,V12,Z12) | HR12: =AVERAGE(T12) | HS12: =AVERAGE(P12) | HT12: =AVERAGE(W12,R12,F12) | HV12: =AVERAGE(X12) | HY12: =AVERAGE(Y12)
B13: 7 | C13: 052-25-126036 | D13: Yahya Sohail | E13: 78.33 | F13: 72.22 | G13: 84.44 | H13: 81.67 | I13: 65.8 | L13: 89.66 | N13: 74 | O13: 60 | P13: 60.56 | Q13: 77.27 | R13: 84.55 | S13: 97.5 | T13: 80 | V13: 84.29 | W13: 72.12 | X13: 100 | Y13: 58.33 | Z13: 72 | AA13: 69.17 | AB13: 64.5 | AC13: 66.67 | AD13: 37.619048 | AE13: 62.5 | AF13: 66.071429 | AG13: 68.076923 | AH13: 61.43 | AI13: 59.14 | AJ13: 59.33 | AK13: 64.06 | AL13: 100 | AM13: 16 | AN13: 36.67 | AO13: 36.11 | AP13: 57.33 | AQ13: 53.04 | AR13: 62.38 | AS13: 50 | AT13: 68 | AU13: 36.53 | AV13: 30.83 | AW13: 25 | AX13: 87.5 | HP13: =AVERAGE(G13,L13,N13) | HQ13: =AVERAGE(E13,H13,O13,Q13,S13,V13,Z13) | HR13: =AVERAGE(T13) | HS13: =AVERAGE(P13) | HT13: =AVERAGE(W13,R13,F13) | HV13: =AVERAGE(X13) | HY13: =AVERAGE(Y13)
B14: 8 | C14: 052-25-126044 | D14: Muhammad Faraz Yousaf | E14: 80 | F14: 66.67 | G14: 52.96 | H14: 80 | I14: 52.683333 | L14: 51.11 | N14: 72 | O14: 60 | P14: 58.89 | Q14: 62.73 | R14: 73.18 | S14: 85 | T14: 79.5 | V14: 83.93 | W14: 77.99 | X14: 90 | Y14: 70.56 | Z14: 74 | AA14: 92.5 | AB14: 95.5 | AC14: 95.56 | AD14: 63.333333 | AE14: 68.75 | AF14: 65.138889 | AG14: 64.230769 | AH14: 44.05 | AI14: 31.14 | AJ14: 36 | AK14: 62.14 | AL14: 100 | AM14: 16 | AN14: 0 | AO14: 0 | AP14: 26 | AQ14: 8.89 | AR14: 7.14 | AS14: 0 | AT14: 0 | AU14: 15 | AV14: 10 | AW14: 0 | AX14: 0 | HP14: =AVERAGE(G14,L14,N14) | HQ14: =AVERAGE(E14,H14,O14,Q14,S14,V14,Z14) | HR14: =AVERAGE(T14) | HS14: =AVERAGE(P14) | HT14: =AVERAGE(W14,R14,F14) | HV14: =AVERAGE(X14) | HY14: =AVERAGE(Y14)
B15: 9 | C15: 052-25-126045 | D15: Yasir Abbas | E15: 73.33 | F15: 91.11 | G15: 87.78 | H15: 84.55 | I15: 76.9 | L15: 88.32 | N15: 74 | O15: 90.56 | P15: 73.33 | Q15: 84.85 | R15: 78.18 | S15: 97.5 | T15: 97.25 | V15: 70.71 | W15: 73.78 | X15: 100 | Y15: 60.56 | Z15: 70 | AA15: 76.67 | AB15: 71.5 | AC15: 71.11 | AD15: 90.47619 | AE15: 95 | AF15: 92.5 | AG15: 84.615385 | AH15: 60 | AI15: 60 | AJ15: 63.33 | AK15: 78.85 | AL15: 100 | AM15: 16 | AN15: 57.62 | AO15: 55.97 | AP15: 68.67 | AQ15: 52.89 | AR15: 65.95 | AS15: 53.33 | AT15: 60 | AU15: 67.5 | AV15: 67.5 | AW15: 33.33 | AX15: 75 | HP15: =AVERAGE(G15,L15,N15) | HQ15: =AVERAGE(E15,H15,O15,Q15,S15,V15,Z15) | HR15: =AVERAGE(T15) | HS15: =AVERAGE(P15) | HT15: =AVERAGE(W15,R15,F15) | HV15: =AVERAGE(X15) | HY15: =AVERAGE(Y15)
B16: 10 | C16: 052-25-126046 | D16: Numan Khan | E16: 70 | F16: 61.11 | G16: 78.89 | H16: 71.44 | I16: 26.966667 | L16: 85.74 | N16: 72 | O16: 51.67 | P16: 51.11 | Q16: 76.97 | R16: 80 | S16: 92.5 | T16: 82.17 | V16: 78.57 | W16: 65 | X16: 100 | Y16: 60.56 | Z16: 82 | AA16: 71.25 | AB16: 67.5 | AC16: 71.11 | AD16: 75.238095 | AE16: 71.25 | AF16: 65.515873 | AG16: 91.153846 | AH16: 49.52 | AI16: 51.14 | AJ16: 48.67 | AK16: 57.03 | AL16: 82.5 | AM16: 16 | AN16: 50 | AO16: 40 | AP16: 58.17 | AQ16: 51.26 | AR16: 65.95 | AS16: 52.67 | AT16: 56 | AU16: 31.39 | AV16: 40.83 | AW16: 66.67 | AX16: 37.5 | HP16: =AVERAGE(G16,L16,N16) | HQ16: =AVERAGE(E16,H16,O16,Q16,S16,V16,Z16) | HR16: =AVERAGE(T16) | HS16: =AVERAGE(P16) | HT16: =AVERAGE(W16,R16,F16) | HV16: =AVERAGE(X16) | HY16: =AVERAGE(Y16)
B17: 11 | C17: 052-25-126058 | D17: Zainab Hanif | E17: 86.67 | F17: 85.56 | G17: 87.41 | H17: 92.27 | I17: 80.15 | L17: 91.72 | N17: 94 | O17: 92.22 | P17: 91.11 | Q17: 90.61 | R17: 97.58 | S17: 100 | T17: 84.25 | V17: 79.29 | W17: 86.6 | X17: 90 | Y17: 73.33 | Z17: 80 | AA17: 83.33 | AB17: 82 | AC17: 88.89 | AD17: 0 | AE17: 0 | AF17: 0 | AG17: 0 | AH17: 95.71 | AI17: 89.43 | AJ17: 100 | AK17: 91.82 | AL17: 100 | AM17: 16 | AN17: 47.14 | AO17: 35.69 | AP17: 65.33 | AQ17: 84.89 | AR17: 89.76 | AS17: 97.33 | AT17: 92 | AU17: 71.39 | AV17: 80 | AW17: 66.67 | AX17: 87.5 | HP17: =AVERAGE(G17,L17,N17) | HQ17: =AVERAGE(E17,H17,O17,Q17,S17,V17,Z17) | HR17: =AVERAGE(T17) | HS17: =AVERAGE(P17) | HT17: =AVERAGE(W17,R17,F17) | HV17: =AVERAGE(X17) | HY17: =AVERAGE(Y17)
B18: 12 | C18: 052-25-126072 | D18: Aryan Khalid | E18: 75 | F18: 75.56 | G18: 91.48 | H18: 93.64 | I18: 85.566667 | L18: 81.64 | N18: 90 | O18: 91.67 | P18: 80 | Q18: 87.88 | R18: 80.91 | S18: 90 | T18: 89.42 | V18: 81.79 | W18: 81.77 | X18: 90 | Y18: 70 | Z18: 66 | AA18: 271.25 | AB18: 67.5 | AC18: 71.11 | AD18: 83.809524 | AE18: 87.5 | AF18: 78.710317 | AG18: 84.615385 | AH18: 48.41 | AI18: 50.86 | AJ18: 54 | AK18: 0 | AL18: 100 | AM18: 16 | AN18: 47.14 | AO18: 35.69 | AP18: 65.33 | AQ18: 42.22 | AR18: 37.14 | AS18: 28 | AT18: 32 | AU18: 28.89 | AV18: 26.67 | AW18: 67.67 | AX18: 75 | HP18: =AVERAGE(G18,L18,N18) | HQ18: =AVERAGE(E18,H18,O18,Q18,S18,V18,Z18) | HR18: =AVERAGE(T18) | HS18: =AVERAGE(P18) | HT18: =AVERAGE(W18,R18,F18) | HV18: =AVERAGE(X18) | HY18: =AVERAGE(Y18)
B19: 13 | C19: 052-25-126075 | D19: Wajahat Nawaz Khan | E19: 35 | F19: 22 | G19: 34.81 | H19: 45.45 | I19: 7.1666667 | Q19: 28.18 | R19: 2.73 | S19: 25 | V19: 10.71 | W19: 8.54 | Y19: 0 | Z19: 0 | AA19: 67.92 | AB19: 65.5 | AC19: 75.56 | AD19: 96.666667 | AE19: 85 | AF19: 80.674603 | AG19: 68.076923 | AH19: 52.62 | AI19: 60.57 | AJ19: 37.33 | AK19: 0 | AN19: 0 | AO19: 0 | AP19: 0 | AU19: 0 | AV19: 0 | AW19: 0 | AX19: 0 | HP19: =AVERAGE(G19,L19,N19) | HQ19: =AVERAGE(E19,H19,O19,Q19,S19,V19,Z19) | HT19: =AVERAGE(W19,R19,F19) | HY19: =AVERAGE(Y19)
B20: 14 | C20: 052-25-126082 | D20: Dawood Alam Shami | E20: 83.33 | F20: 75.56 | G20: 92.96 | H20: 95.08 | I20: 58.733333 | L20: 56.92 | N20: 80 | O20: 76.67 | P20: 69.44 | Q20: 61.82 | R20: 59.39 | S20: 92.5 | T20: 91.42 | V20: 87.86 | W20: 71.15 | X20: 90 | Y20: 65 | Z20: 80 | AA20: 83.75 | AB20: 78.5 | AC20: 80 | AD20: 63.333333 | AE20: 32.5 | AF20: 43.214286 | AG20: 61.730769 | AH20: 58.57 | AI20: 53.71 | AJ20: 49.33 | AK20: 67.92 | AN20: 57.14 | AO20: 46.81 | AP20: 75.67 | AQ20: 40.74 | AR20: 7.14 | AS20: 32 | AT20: 28 | AU20: 59.17 | AV20: 53.33 | AW20: 25 | AX20: 25 | HP20: =AVERAGE(G20,L20,N20) | HQ20: =AVERAGE(E20,H20,O20,Q20,S20,V20,Z20) | HR20: =AVERAGE(T20) | HS20: =AVERAGE(P20) | HT20: =AVERAGE(W20,R20,F20) | HV20: =AVERAGE(X20) | HY20: =AVERAGE(Y20)
B21: 15 | C21: 052-25-126088 | D21: Abid Khan | E21: 85 | F21: 72.22 | G21: 90.74 | H21: 85 | I21: 69.033333 | L21: 88.6 | N21: 70 | O21: 67.78 | P21: 66.67 | Q21: 82.42 | R21: 78.64 | S21: 97.5 | T21: 87.58 | V21: 83.93 | W21: 74.93 | X21: 100 | Y21: 71.11 | Z21: 88 | AA21: 56.25 | AB21: 59.5 | AC21: 66.67 | AD21: 56.666667 | AE21: 43.75 | AF21: 70.138889 | AG21: 27.5 | AH21: 71.9 | AI21: 70.29 | AJ21: 67.33 | AK21: 89.11 | AL21: 95.83 | AM21: 14 | AN21: 67.14 | AO21: 46.53 | AP21: 60.33 | AQ21: 69.48 | AR21: 65.95 | AS21: 63.33 | AT21: 72 | AU21: 0 | AV21: 0 | AW21: 0 | AX21: 0 | HP21: =AVERAGE(G21,L21,N21) | HQ21: =AVERAGE(E21,H21,O21,Q21,S21,V21,Z21) | HR21: =AVERAGE(T21) | HS21: =AVERAGE(P21) | HT21: =AVERAGE(W21,R21,F21) | HV21: =AVERAGE(X21) | HY21: =AVERAGE(Y21)
B22: 16 | C22: 052-25-126097 | D22: Fahad Nasir Abbasi | E22: 76.67 | F22: 77.78 | G22: 93.33 | H22: 92.73 | I22: 60.983333 | L22: 85.28 | N22: 60 | O22: 67.78 | P22: 50 | Q22: 62.42 | R22: 66.52 | S22: 97.5 | T22: 86.5 | V22: 77.86 | W22: 81.88 | X22: 100 | Y22: 61.67 | Z22: 64 | AA22: 67.08 | AB22: 67.5 | AC22: 66.67 | AD22: 0 | AE22: 0 | AF22: 0 | AG22: 0 | AH22: 60.71 | AI22: 58.57 | AJ22: 46 | AK22: 50.57 | AL22: 68.33 | AM22: 18 | AN22: 66.19 | AO22: 33.06 | AP22: 59 | AQ22: 50.67 | AR22: 58.81 | AS22: 62 | AT22: 60 | AU22: 36.94 | AV22: 39.17 | AW22: 29.17 | AX22: 75 | HP22: =AVERAGE(G22,L22,N22) | HQ22: =AVERAGE(E22,H22,O22,Q22,S22,V22,Z22) | HR22: =AVERAGE(T22) | HS22: =AVERAGE(P22) | HT22: =AVERAGE(W22,R22,F22) | HV22: =AVERAGE(X22) | HY22: =AVERAGE(Y22)
B23: 17 | C23: 052-25-126099 | D23: Abdul Saboor Malik | E23: 85 | F23: 71.11 | G23: 89.26 | H23: 85.91 | I23: 76.6 | L23: 79.05 | N23: 90 | O23: 77.22 | P23: 60.56 | Q23: 84.24 | R23: 81.52 | S23: 92.5 | T23: 89.33 | V23: 82.14 | W23: 81.08 | X23: 100 | Y23: 71.67 | Z23: 82 | AA23: 56.67 | AB23: 63.5 | AC23: 68.89 | AD23: 60.952381 | AE23: 47.5 | AF23: 56.448413 | AG23: 91.153846 | AH23: 66.67 | AI23: 69.14 | AJ23: 68.67 | AK23: 48.13 | AN23: 56.19 | AO23: 44.31 | AP23: 55.17 | AQ23: 50.81 | AR23: 52.14 | AS23: 50.67 | AT23: 52 | AU23: 46.67 | AV23: 26.67 | AW23: 58.33 | AX23: 25 | HP23: =AVERAGE(G23,L23,N23) | HQ23: =AVERAGE(E23,H23,O23,Q23,S23,V23,Z23) | HR23: =AVERAGE(T23) | HS23: =AVERAGE(P23) | HT23: =AVERAGE(W23,R23,F23) | HV23: =AVERAGE(X23) | HY23: =AVERAGE(Y23)
B24: 18 | C24: 052-25-126105 | D24: Haider Saleem | E24: 70 | F24: 57.78 | G24: 44.81 | H24: 74.24 | I24: 55.883333 | L24: 78.48 | N24: 56 | O24: 57.78 | P24: 34.44 | Q24: 60.3 | R24: 78.48 | S24: 80 | T24: 77.67 | V24: 73.21 | W24: 80.14 | X24: 90 | Y24: 53.33 | Z24: 64 | AA24: 63.75 | AB24: 66 | AC24: 66.67 | AD24: 0 | AE24: 0 | AF24: 0 | AG24: 0 | AH24: 54.05 | AI24: 54 | AJ24: 32.67 | AK24: 48.13 | AL24: 65 | AM24: 18 | AN24: 52.38 | AO24: 31.25 | AP24: 34.67 | AQ24: 50.22 | AR24: 54.52 | AS24: 53.33 | AT24: 52 | AU24: 26.39 | AV24: 29.17 | AW24: 8.33 | AX24: 75 | HP24: =AVERAGE(G24,L24,N24) | HQ24: =AVERAGE(E24,H24,O24,Q24,S24,V24,Z24) | HR24: =AVERAGE(T24) | HS24: =AVERAGE(P24) | HT24: =AVERAGE(W24,R24,F24) | HV24: =AVERAGE(X24) | HY24: =AVERAGE(Y24)
B25: 19 | C25: 052-25-126109 | D25: Shahab Ali | E25: 75 | F25: 71.11 | G25: 92.59 | H25: 88.26 | I25: 62.533333 | L25: 88.62 | N25: 78 | O25: 77.22 | P25: 62.78 | Q25: 73.94 | R25: 86.82 | S25: 87.5 | T25: 84.5 | V25: 77.86 | W25: 75.56 | X25: 100 | Y25: 65 | Z25: 76 | AA25: 88.33 | AB25: 82.5 | AC25: 93.33 | AD25: 49.047619 | AE25: 73.75 | AF25: 86.626984 | AG25: 92.307692 | AH25: 85.95 | AI25: 82.86 | AJ25: 81.33 | AK25: 70.26 | AL25: 100 | AM25: 18 | AN25: 52.38 | AO25: 41.39 | AP25: 62.83 | AQ25: 72.59 | AR25: 65.95 | AS25: 52 | AT25: 64 | AU25: 25.83 | AV25: 14.17 | AW25: 33.33 | AX25: 50 | HP25: =AVERAGE(G25,L25,N25) | HQ25: =AVERAGE(E25,H25,O25,Q25,S25,V25,Z25) | HR25: =AVERAGE(T25) | HS25: =AVERAGE(P25) | HT25: =AVERAGE(W25,R25,F25) | HV25: =AVERAGE(X25) | HY25: =AVERAGE(Y25)
B26: 20 | C26: 052-25-126111 | D26: Syed Murtaza Asad | E26: 71.67 | F26: 60 | G26: 81.48 | H26: 83.26 | I26: 21.633333 | L26: 26.78 | N26: 50 | O26: 13.33 | P26: 21.67 | Q26: 63.03 | R26: 64.24 | S26: 92.5 | T26: 76.92 | V26: 76.79 | W26: 78.68 | X26: 90 | Y26: 61.67 | Z26: 86 | AA26: 67.92 | AB26: 65.5 | AC26: 71.11 | AD26: 28.095238 | AE26: 32.5 | AF26: 48.75 | AG26: 45 | AH26: 0 | AI26: 0 | AJ26: 0 | AK26: 0 | AN26: 0 | AO26: 0 | AP26: 0 | AU26: 0 | AV26: 0 | AW26: 0 | AX26: 0 | HP26: =AVERAGE(G26,L26,N26) | HQ26: =AVERAGE(E26,H26,O26,Q26,S26,V26,Z26) | HR26: =AVERAGE(T26) | HS26: =AVERAGE(P26) | HT26: =AVERAGE(W26,R26,F26) | HV26: =AVERAGE(X26) | HY26: =AVERAGE(Y26)
B27: 21 | C27: 052-25-126145 | D27: Raja Haris Waqar | E27: 80 | F27: 66.67 | G27: 71.11 | H27: 81.21 | I27: 19.833333 | L27: 66 | N27: 46 | O27: 41.67 | P27: 15.56 | Q27: 39.09 | R27: 37.12 | S27: 80 | T27: 84.17 | V27: 82.86 | W27: 77.22 | X27: 90 | Y27: 47.78 | Z27: 76 | AA27: 65 | AB27: 47.5 | AC27: 71.11 | AD27: 9.5238095 | AE27: 5 | AF27: 3.3333333 | AG27: 0 | AH27: 53.33 | AI27: 54 | AJ27: 48.67 | AK27: 59.95 | AN27: 54.29 | AO27: 24.17 | AP27: 45.33 | AQ27: 51.56 | AR27: 57.14 | AS27: 52.67 | AT27: 56 | AU27: 40.83 | AV27: 32.5 | AW27: 8.33 | AX27: 62.5 | HP27: =AVERAGE(G27,L27,N27) | HQ27: =AVERAGE(E27,H27,O27,Q27,S27,V27,Z27) | HR27: =AVERAGE(T27) | HS27: =AVERAGE(P27) | HT27: =AVERAGE(W27,R27,F27) | HV27: =AVERAGE(X27) | HY27: =AVERAGE(Y27)
B28: 22 | C28: 052-25-126155 | D28: Zulfiqar Ali | E28: 75 | F28: 83.33 | G28: 95.19 | H28: 95.83 | I28: 59.92 | L28: 61.59 | N28: 72 | O28: 63.33 | P28: 78.89 | Q28: 76.06 | R28: 68.64 | S28: 95 | T28: 87.08 | V28: 82.86 | W28: 78.37 | X28: 100 | Y28: 60.56 | Z28: 64 | AA28: 49.58 | AB28: 48.5 | AC28: 57.78 | AD28: 62.380952 | AE28: 53.75 | AF28: 62.242063 | AG28: 68.076923 | AH28: 57.86 | AI28: 61.43 | AJ28: 42.67 | AK28: 60.99 | AL28: 100 | AM28: 16 | AN28: 44.76 | AO28: 45 | AP28: 56.17 | AQ28: 39.56 | AR28: 28.81 | AS28: 20 | AT28: 28 | AU28: 36.94 | AV28: 43.33 | AW28: 8.33 | AX28: 75 | HP28: =AVERAGE(G28,L28,N28) | HQ28: =AVERAGE(E28,H28,O28,Q28,S28,V28,Z28) | HR28: =AVERAGE(T28) | HS28: =AVERAGE(P28) | HT28: =AVERAGE(W28,R28,F28) | HV28: =AVERAGE(X28) | HY28: =AVERAGE(Y28)
B29: 23 | C29: 052-25-126164 | D29: Abdal Khan | E29: 60 | F29: 63.33 | G29: 58.89 | H29: 78.71 | I29: 51.17 | L29: 31.41 | N29: 34 | O29: 40 | P29: 25 | Q29: 54.85 | R29: 51.52 | S29: 92.5 | T29: 81 | V29: 65.71 | W29: 73.33 | X29: 90 | Y29: 61.11 | Z29: 76 | AA29: 72.08 | AB29: 70 | AC29: 60 | AD29: 0 | AE29: 0 | AF29: 0 | AG29: 0 | AH29: 0 | AI29: 0 | AJ29: 0 | AK29: 0 | AL29: 85 | AM29: 16 | AN29: 0 | AO29: 0 | AP29: 0 | AU29: 56.11 | AV29: 42.5 | AW29: 75 | AX29: 75 | HP29: =AVERAGE(G29,L29,N29) | HQ29: =AVERAGE(E29,H29,O29,Q29,S29,V29,Z29) | HR29: =AVERAGE(T29) | HS29: =AVERAGE(P29) | HT29: =AVERAGE(W29,R29,F29) | HV29: =AVERAGE(X29) | HY29: =AVERAGE(Y29)
B30: 24 | C30: 052-25-126166 | D30: Mohsin Muzafar | E30: 58.33 | F30: 62.22 | G30: 60.37 | H30: 77.5 | I30: 30.58 | L30: 28.93 | N30: 66 | O30: 65.56 | P30: 52 | Q30: 81.21 | R30: 77.42 | S30: 85 | T30: 76.08 | V30: 69.29 | W30: 73.47 | X30: 90 | Y30: 62.22 | Z30: 76 | AA30: 66.4 | AB30: 66.5 | AC30: 66.67 | AD30: 0 | AE30: 0 | AF30: 0 | AG30: 0 | AH30: 60.71 | AI30: 60 | AJ30: 39.33 | AK30: 58.39 | AL30: 97.5 | AM30: 16 | AN30: 23.33 | AO30: 28.19 | AP30: 62.83 | AQ30: 54.67 | AR30: 57.38 | AS30: 52.67 | AT30: 68 | AU30: 23.33 | AV30: 26.25 | AW30: 8.33 | AX30: 62.5 | HP30: =AVERAGE(G30,L30,N30) | HQ30: =AVERAGE(E30,H30,O30,Q30,S30,V30,Z30) | HR30: =AVERAGE(T30) | HS30: =AVERAGE(P30) | HT30: =AVERAGE(W30,R30,F30) | HV30: =AVERAGE(X30) | HY30: =AVERAGE(Y30)
B31: Class Average | E31: =AVERAGE(E7:E25) | F31: =AVERAGE(F7:F25) | G31: =AVERAGE(G7:G25) | H31: =AVERAGE(H7:H25) | I31: =AVERAGE(I7:I25) | L31: =AVERAGE(L7:L25) | N31: =AVERAGE(N7:N25) | O31: =AVERAGE(O7:O25) | P31: =AVERAGE(P7:P25) | Q31: =AVERAGE(Q7:Q25) | R31: =AVERAGE(R7:R25) | S31: =AVERAGE(S7:S25) | T31: =AVERAGE(T7:T25) | V31: =AVERAGE(V7:V25) | W31: =AVERAGE(W7:W25) | X31: =AVERAGE(X7:X25) | Y31: =AVERAGE(Y7:Y25) | Z31: =AVERAGE(Z7:Z25) | AA31: =AVERAGE(AA7:AA25) | AB31: =AVERAGE(AB7:AB25) | AC31: =AVERAGE(AC7:AC25) | ... EO31: =AVERAGE(EO7:EO25) | EQ31: =AVERAGE(EQ7:EQ25) | ER31: =AVERAGE(ER7:ER25) | ES31: =AVERAGE(ES7:ES25) | ET31: =AVERAGE(ET7:ET25) | EU31: =AVERAGE(EU7:EU25) | EV31: =AVERAGE(EV7:EV25) | EW31: =AVERAGE(EW7:EW25) | EY31: =AVERAGE(EY7:EY25) | EZ31: =AVERAGE(EZ7:EZ25) | FA31: =AVERAGE(FA7:FA25) | FB31: =AVERAGE(FB7:FB25) | FC31: =AVERAGE(FC7:FC25) | FD31: =AVERAGE(FD7:FD25) | FE31: =AVERAGE(FE7:FE25) | FF31: =AVERAGE(FF7:FF25) | ... HN31: =AVERAGE(HN7:HN25) | HP31: =AVERAGE(HP7:HP30) | HQ31: =AVERAGE(HQ7:HQ30) | HR31: =AVERAGE(HR7:HR30) | HS31: =AVERAGE(HS7:HS30) | HT31: =AVERAGE(HT7:HT30) | HV31: =AVERAGE(HV7:HV30) | HY31: =AVERAGE(HY7:HY30)

Sheet AI-FA-24
A1: Batch Fall 2025 | CW1: Assessment of GA's | HU1: Attainment of GAs | HV1: Attainment of Graduate Attribute
B2: Sr. No. | D2: Student Name | E2: Semester 3 | AE2: Semester 2 | BE2: Semester 3 | CB2: Semester 4 | CW2: Semester 5 | EF2: Semester 6 | FI2: Semester 7 | GO2: Semester - 8
E3: Computer Organization & Assembly Language | J3: Computer Networks | O3: DATA STRUCTURES | U3: ARTIFICIAL INTELLIGENCE | Z3: PROBABILITY & STATISTICS | AC3: Understanding of the Holy Quran-II | AE3: Expository Writing | AH3: Object Oriented Programming | AN3: Discrete Structures | AQ3: Ideology and Constitution of Pakistan | AU3: Digital Logic Design | BB3: Multi Variable Calculus | BE3: Data Structures | BH3: Computer Organization & Assembly Language | BK3: Introduction to Artificial Intelligence | BN3: Computer Network | BU3: Probability & Statistics | CB3: Design Analysis of Algorithms | CH3: Data Structures and Algorithms | CL3: Applied Statistics | CQ3: Software Engineering | CT3: World History | CW3: Artificial Intelligence | DB3: Data Communication & Computer Networks | DG3: Continuous Discreate Optimization | DL3: Data Base Management Systems | DR3: Introduction to Python Lab | DY3: World Literature | EF3: Machine Learning | EK3: Computer Vision | EQ3: Parallel and Distributed Computing | EW3: Academic & Professional Writing | EZ3: Logical And Automated Reasoning | FC3: Data Visualization | FI3: Artificial Intelligence | FN3: Philosophy and Critical Thinking | FP3: Natural Language Processing | FU3: Final Year Project - I | GG3: Logical And Automated Reasoning | GK3: Philosophy and Critical Thinking | GO3: Deep Learning | GT3: Artificial Intelligence for Robotics | GY3: Sociology | HB3: Ethics and Social Responsibility | HE3: Philosophy and Critical Thinking | HI3: Final Year Project - II
E4: CLO 1 | F4: CLO 2 | G4: CLO 3 | H4: CLO 1 | I4: CLO 2 | J4: CLO 1 | K4: CLO 2 | L4: CLO 3 | M4: CLO 1 | N4: CLO 2 | O4: CLO 1 | P4: CLO 2 | Q4: CLO 3 | R4: CLO1 | S4: CLO2 | T4: CLO3 | U4: CLO 1 | V4: CLO 2 | W4: CLO3 | X4: CLO1 | Y4: CLO2 | Z4: CLO 2 | AA4: CLO2 | AB4: CLO 3 | AC4: CLO 1 | AD4: CLO 3 | AE4: CLO 1 | AF4: CLO 2 | AG4: CLO 2 | AH4: CLO 1 | AI4: CLO 2 | AJ4: CLO 3 | AK4: CLO 4 | AL4: CLO 1 | AM4: CLO 2 | AN4: CLO 1 | AO4: CLO 2 | AP4: CLO 3 | AQ4: CLO 1 | AR4: CLO 2 | AS4: CLO 3 | AT4: CLO5 | AU4: CLO 1 | AV4: CLO 2 | AW4: CLO 3 | AX4: CLO 1 | AY4: CLO 2 | AZ4: CLO 3 | BA4: CLO 4 | BB4: CLO 1 | BC4: CLO 2 | BD4: CLO 4 | BE4: CLO 1 | BF4: CLO 2 | BG4: CLO 3 | BH4: CLO 1 | BI4: CLO 2 | BJ4: CLO 3 | BK4: CLO 1 | BL4: CLO 2 | BM4: CLO 3 | BN4: CLO 1 | BO4: CLO 2 | BP4: CLO 3 | BQ4: CLO 4 | BR4: CLO 5 | BS4: CLO 6 | BT4: CLO 7 | BU4: CLO 1 | BV4: CLO 2 | BW4: CLO 3 | BX4: CLO 4 | BY4: CLO 5 | BZ4: CLO 1 | CA4: CLO 2 | CB4: CLO 1 | CC4: CLO 2 | CD4: CLO 3 | CE4: CLO 4 | CF4: CLO 5 | CG4: CLO 6 | CH4: CLO 1 | CI4: CLO 2 | CJ4: CLO 3 | CK4: CLO 4 | CL4: CLO 1 | CM4: CLO 2 | CN4: CLO 3 | CO4: CLO 1 | CP4: CLO 2 | CQ4: CLO 1 | CR4: CLO 2 | CS4: CLO 3 | CT4: CLO 1 | CU4: CLO 2 | CV4: CLO 3 | CW4: CLO1 | CX4: CLO2 | CY4: CLO 3 | CZ4: CLO 1 | DA4: CLO 2 | DB4: CLO 1 | DC4: CLO 2 | DD4: CLO 3 | DE4: CLO 1 | DF4: CLO 2 | DG4: CLO1 | DH4: CLO2 | DI4: CLO3 | DJ4: CLO1 | DK4: CLO2 | DL4: CLO1 | DM4: CLO2 | DN4: CLO3 | DO4: CLO4 | DP4: CLO1 | DQ4: CLO2 | DR4: CLO1 | DS4: CLO2 | DT4: CLO3 | DU4: CLO4 | DV4: CLO5 | DW4: CLO6 | DX4: CLO7 | DY4: CLO1 | DZ4: CLO2 | EA4: CLO3 | EB4: CLO4 | EC4: CLO5 | ED4: CLO6 | EE4: CLO7 | EF4: CLO1 | EG4: CLO2 | EH4: CLO3 | EI4: CLO1 | EJ4: CLO2 | EK4: CLO1 | EL4: CLO2 | EM4: CLO3 | EN4: CLO4 | EO4: CLO5 | EP4: CLO6 | EQ4: CLO1 | ER4: CLO 2 | ES4: CLO 3 | ET4: CLO 4 | EV4: CLO3 | EW4: CLO1 | EX4: CLO2 | EY4: CLO7 | EZ4: CLO1 | FA4: CLO2 | FB4: CLO3 | FC4: CLO1 | FD4: CLO2 | FE4: CLO3 | FF4: CLO4 | FG4: CLO 1 | FH4: CLO 2 | FI4: CLO1 | FJ4: CLO2 | FK4: CLO 3 | FL4: CLO 1 | FM4: CLO 2 | FN4: CLO1 | FO4: CLO2 | FP4: CLO1 | FQ4: CLO2 | FR4: CLO3 | FS4: CLO 1 | FT4: CLO 2 | FU4: R1 | FV4: R2 | FW4: R3 | FX4: R4 | FY4: R5 | FZ4: R6 | GA4: R7 | GB4: R8 | GC4: R9 | GD4: R10 | GE4: R11 | GF4: R12 | GG4: CLO 1 | GH4: CLO 2 | GI4: CLO 3 | GJ4: CLO 4 | GO4: CLO1 | GP4: CLO 2 | GQ4: CLO 3 | GR4: CLO 1 | GS4: CLO 2 | GT4: CLO1 | GU4: CLO2 | GV4: CLO3 | GW4: CLO 1 | GX4: CLO 2 | GY4: CLO1 | GZ4: CLO2 | HA4: CLO3 | HB4: CLO1 | HC4: CLO2 | HD4: CLO3 | HI4: R1 | HJ4: R2 | HK4: R3 | HL4: R4 | HM4: R5 | HN4: R6 | HO4: R7 | HP4: R8 | HQ4: R9 | HR4: R10 | HS4: R11 | HT4: R12 | HV4: GA1 | HW4: GA2 | HX4: GA3 | HY4: GA4 | HZ4: GA5 | IA4: GA6 | IB4: GA7 | IC4: GA8 | ID4: GA9 | IE4: GA10
E5: Theory | H5: Lab | J5: Theory | M5: Lab | O5: Theory | R5: Lab | U5: Theory | X5: Lab | Z5: Theory | AE5: Theory | AH5: Theory | AL5: Lab | AU5: Theory | AX5: Lab | BV5: Theory | BZ5: Lab | CJ5: Lab | CL5: Theory | CO5: Lab | CQ5: GA 2 | CR5: GA 3 | CS5: GA 5 | CW5: Theory | CZ5: Lab | DB5: Theory | DE5: Lab | DG5: Theory | DJ5: Lab | DL5: Theory | DP5: Lab | EF5: Theory | EI5: Lab | EQ5: Theory | EU5: Lab | EZ5: Theory | FC5: Theory | FG5: Lab | FI5: Theory | FL5: Lab | FP5: Theory | FS5: Lab | GO5: Theory | GR5: Lab | GT5: Theory | GW5: Lab
E6: GA2 | F6: GA2 | G6: GA3 | H6: GA1 | I6: GA4 | J6: GA2 | K6: GA2 | L6: GA3 | M6: GA5 | N6: GA9 | O6: GA 2 | P6: GA 5 | Q6: GA 3 | R6: GA 2 | S6: GA 5 | T6: GA 10 | U6: GA2 | V6: GA3 | W6: GA3 | X6: GA3 | Y6: GA3 | Z6: GA2 | AA6: GA2 | AB6: GA3 | AC6: GA10 | AD6: GA2 | AE6: GA 3 | AF6: GA 5 | AG6: GA 6 | AH6: GA 2 | AJ6: GA 4 | AL6: GA 4 | AM6: GA 5 | AN6: GA1 | AQ6: GA1 | AR6: GA 2 | AS6: GA4 | AT6: GA5 | AU6: GA 1 | AV6: GA 4 | AW6: GA 4 | AX6: GA 1 | AY6: GA 6 | AZ6: GA 7 | BA6: GA 9 | BB6: GA 2 | BC6: GA 3 | BE6: GA5 | BG6: GA1 | BH6: GA2 | BJ6: GA4 | BK6: GA6 | BL6: GA7 | BM6: GA8 | BN6: GA1 | BS6: GA8 | BT6: GA10 | BU6: GA1 | BV6: GA2 | BX6: GA 5 | BZ6: GA 2 | CA6: GA5 | CB6: GA2 | CC6: GA3 | CD6: GA2 | CE6: GA4 | CF6: GA8 | CG6: GA10 | CH6: GA 2 | CI6: GA 5 | CJ6: GA 2 | CK6: GA 3 | CL6: GA2 | CM6: GA3 | CN6: GA5 | CO6: GA8 | CP6: GA10 | CQ6: PLO10 | CR6: PLO9 | CS6: PLO5 | CT6: PLO1 | CV6: PLO3 | CW6: GA 1 | CX6: GA 2 | CY6: GA 3 | CZ6: GA 4 | DA6: GA 5 | DB6: GA2 | DC6: GA3 | DD6: GA5 | DE6: GA8 | DF6: GA10 | DG6: GA 1 | DH6: GA 2 | DI6: GA 5 | DJ6: GA 5 | DL6: GA 1 | DM6: GA 3 | DN6: GA 4 | DO6: GA 5 | DP6: GA 4 | DR6: PLO2 | DU6: PLO3 | DV6: PLO5 | DW6: PLO8 | DX6: PLO10 | DY6: PLO2 | EA6: PLO3 | EB6: PLO5 | EC6: PLO1 | ED6: PLO8 | EE6: PLO10 | EF6: GA 1 | EG6: GA 3 | EI6: GA 1 | EJ6: GA 3 | EK6: PLO1 | EL6: PLO3 | EM6: PLO2 | EN6: PLO5 | EO6: PLO8 | EP6: PLO10 | EQ6: GA 1 | ER6: GA 2 | ES6: GA 3 | ET6: GA 4 | EW6: GA 1 | EX6: GA 7 | EY6: GA 8 | EZ6: GA 1 | FA6: GA 2 | FB6: GA 9 | FC6: GA2 | FD6: GA 2 | FE6: GA 3 | FF6: GA 5 | FG6: GA 3 | FH6: GA 4 | FI6: GA 1 | FJ6: GA 2 | FK6: GA 3 | FL6: GA 4 | FM6: GA 5 | FN6: PLO4 | FO6: PLO5 | FP6: GA 1 | FQ6: GA 2 | FR6: GA 3 | FS6: GA 1 | FT6: GA 3 | FU6: GA1 | FV6: GA2 | FW6: GA3 | FX6: GA4 | FY6: GA5 | FZ6: GA6 | GA6: GA7 | GB6: GA8 | GC6: GA9 | GD6: GA10 | GE6: GA11 | GF6: GA12 | GO6: GA 1 | GP6: GA 3 | GR6: GA 1 | GS6: GA 3 | GT6: GA 1 | GU6: GA 2 | GV6: GA 5 | GW6: GA 5 | GY6: PLO1 | HB6: PLO1 | HC6: PLO2 | HD6: PLO5 | HI6: GA1 | HJ6: GA2 | HK6: GA3 | HL6: GA4 | HM6: GA5 | HN6: GA6 | HO6: GA7 | HP6: GA8 | HQ6: GA9 | HR6: GA10 | HS6: GA11 | HT6: GA12
B7: 1 | C7: 052-24-125239 | D7: Amir Ahmad | E7: 38 | F7: 43.33 | G7: 62.5 | H7: 0 | I7: 0 | J7: 65 | K7: 62 | L7: 66.67 | O7: 29.58 | P7: 28.33 | Q7: 65.5 | R7: 55.37 | S7: 58.33 | T7: 40 | U7: 53.33 | V7: 37.5 | W7: 23.33 | X7: 89.7 | Y7: 84.36 | Z7: 44.81 | AA7: 28.5 | AB7: 27.5 | AE7: 46.67 | AF7: 61.67 | AG7: 73.33 | AH7: 62.5 | AJ7: 70.833333 | AL7: 70 | AM7: 70.3 | AN7: 74.44 | AQ7: 73.33 | AR7: 70 | AS7: 60 | AT7: 66.67 | AU7: 81.67 | AV7: 76 | AW7: 69 | AX7: 36.984127 | AY7: 32 | AZ7: 33.333333 | BA7: 30 | BB7: 79.17 | BC7: 70.5 | HV7: =AVERAGE(AX7,AU7,AQ7,AN7,Z7,R7,O7,J7) | HW7: =AVERAGE(BB7,AR7,AH7,AD7,P7,H7,E7) | HX7: =AVERAGE(BC7,AE7) | HY7: =AVERAGE(AW7,AV7,AS7,AL7,AJ7,Q7) | HZ7: =AVERAGE(AT7,AM7,AF7,T7,I7) | IA7: =AVERAGE(AY7,AG7) | IB7: =AVERAGE(AZ7,#REF!) | ID7: =AVERAGE(BA7) | IE7: =AVERAGE(AC7)
B8: 2 | C8: 052-24-125156 | D8: M. Arif | H8: 0 | AE8: 66.67 | AF8: 74.17 | AG8: 70 | AH8: 82.083333 | AJ8: 73.333333 | AL8: 78.61 | AM8: 78.18 | AN8: 78.15 | AQ8: 83.33 | AR8: 93.33 | AS8: 61.11 | AT8: 61.11 | AU8: 74.17 | AV8: 57.67 | AW8: 69.5 | AX8: 58.253968 | AY8: 82 | AZ8: 77.142857 | BA8: 66.666667 | BB8: 90.83 | BC8: 85.25 | HV8: =AVERAGE(AX8,AU8,AQ8,AN8,Z8,R8,O8,J8) | HW8: =AVERAGE(BB8,AR8,AH8,AD8,P8,H8,E8) | HX8: =AVERAGE(BC8,AE8) | HY8: =AVERAGE(AW8,AV8,AS8,AL8,AJ8,Q8) | HZ8: =AVERAGE(AT8,AM8,AF8,T8,I8) | IA8: =AVERAGE(AY8,AG8) | IB8: =AVERAGE(AZ8,#REF!) | ID8: =AVERAGE(BA8) | IE8: =AVERAGE(AC8)
B9: 3 | C9: 052-24-125271 | D9: Husnain Ijaz | E9: 72 | F9: 68.33 | G9: 68.33 | H9: 0 | I9: 0 | J9: 67.5 | K9: 56.33 | L9: 66.67 | O9: 34.17 | P9: 40 | Q9: 35 | R9: 58.33 | S9: 66.11 | T9: 68 | U9: 73.33 | V9: 70 | W9: 56.07 | X9: 87.88 | Y9: 90 | Z9: 52.22 | AA9: 33 | AB9: 25.42 | AE9: 46.67 | AF9: 65.83 | AG9: 55.08 | AH9: 57.083333 | AJ9: 71.666667 | AL9: 70.83 | AM9: 69.09 | AN9: 73.33 | AQ9: 90 | AR9: 90 | AS9: 66.67 | AT9: 61.67 | AU9: 40 | AV9: 41 | AW9: 38.5 | AX9: 34.603175 | AY9: 29.333333 | AZ9: 14.285714 | BA9: 6.6666667 | BB9: 79.17 | BC9: 71.75 | HV9: =AVERAGE(AX9,AU9,AQ9,AN9,Z9,R9,O9,J9) | HW9: =AVERAGE(BB9,AR9,AH9,AD9,P9,H9,E9) | HX9: =AVERAGE(BC9,AE9) | HY9: =AVERAGE(AW9,AV9,AS9,AL9,AJ9,Q9) | HZ9: =AVERAGE(AT9,AM9,AF9,T9,I9) | IA9: =AVERAGE(AY9,AG9) | IB9: =AVERAGE(AZ9,#REF!) | ID9: =AVERAGE(BA9) | IE9: =AVERAGE(AC9)
B10: 4 | C10: 052-24-125277 | D10: Fahad Naveed Abbasi | E10: 0 | F10: 0 | G10: 0 | H10: 28.85 | I10: 17.67 | M10: 52.27 | N10: 47.5 | O10: 60.83 | P10: 50.83 | Q10: 70.5 | R10: 42.41 | S10: 48.52 | T10: 40 | U10: 40 | V10: 87.5 | W10: 50.71 | X10: 93.33 | Y10: 88.73 | Z10: 85.19 | AA10: 61.5 | AB10: 68.33 | AE10: 33.33 | AF10: 74.17 | AG10: 85 | AH10: 70.416667 | AJ10: 66.666667 | AL10: 73.61 | AM10: 71.82 | AN10: 70 | AQ10: 83.33 | AR10: 83.33 | AS10: 72.22 | AT10: 58.33 | AU10: 57.5 | AV10: 20 | AW10: 56.5 | AX10: 59.52 | AY10: 80 | AZ10: 73.81 | BA10: 60 | BB10: 67.5 | BC10: 71 | HV10: =AVERAGE(AX10,AU10,AQ10,AN10,Z10,R10,O10,J10) | HW10: =AVERAGE(BB10,AR10,AH10,AD10,P10,H10,E10) | HX10: =AVERAGE(BC10,AE10) | HY10: =AVERAGE(AW10,AV10,AS10,AL10,AJ10,Q10) | HZ10: =AVERAGE(AT10,AM10,AF10,T10,I10) | IA10: =AVERAGE(AY10,AG10) | IB10: =AVERAGE(AZ10,#REF!) | ID10: =AVERAGE(BA10) | IE10: =AVERAGE(AC10)
B11: 5 | C11: 052-24-125204 | D11: Yasir Khalid | E11: 0 | F11: 0 | G11: 0 | H11: 0 | I11: 0 | AE11: 60 | AF11: 64.17 | AG11: 75 | AH11: 75 | AJ11: 75.833333 | AL11: 81.67 | AM11: 80.91 | AN11: 80.74 | AQ11: 83.33 | AR11: 86.67 | AS11: 65.56 | AT11: 75 | AU11: 68.33 | AV11: 55.33 | AW11: 73 | AX11: 51.587302 | AY11: 90 | AZ11: 92.857143 | BA11: 76.666667 | BB11: 84.17 | BC11: 85.5 | HV11: =AVERAGE(AX11,AU11,AQ11,AN11,Z11,R11,O11,J11) | HW11: =AVERAGE(BB11,AR11,AH11,AD11,P11,H11,E11) | HX11: =AVERAGE(BC11,AE11) | HY11: =AVERAGE(AW11,AV11,AS11,AL11,AJ11,Q11) | HZ11: =AVERAGE(AT11,AM11,AF11,T11,I11) | IA11: =AVERAGE(AY11,AG11) | IB11: =AVERAGE(AZ11,#REF!) | ID11: =AVERAGE(BA11) | IE11: =AVERAGE(AC11)
B12: 6 | C12: 052-24-125180 | D12: Talha Arif | E12: 0 | F12: 0 | G12: 0 | H12: 0 | I12: 0 | AE12: 33.33 | AF12: 77.5 | AG12: 83.33 | AH12: 83.75 | AJ12: 78.333333 | AL12: 81.39 | AM12: 81.21 | AN12: 79.63 | AQ12: 83.33 | AR12: 83.33 | AS12: 65.56 | AT12: 88.33 | AU12: 62.5 | AV12: 78 | AW12: 79 | AX12: 60.15873 | AY12: 78.666667 | AZ12: 71.904762 | BA12: 68.333333 | BB12: 81.67 | BC12: 82.25 | HV12: =AVERAGE(AX12,AU12,AQ12,AN12,Z12,R12,O12,J12) | HW12: =AVERAGE(BB12,AR12,AH12,AD12,P12,H12,E12) | HX12: =AVERAGE(BC12,AE12) | HY12: =AVERAGE(AW12,AV12,AS12,AL12,AJ12,Q12) | HZ12: =AVERAGE(AT12,AM12,AF12,T12,I12) | IA12: =AVERAGE(AY12,AG12) | IB12: =AVERAGE(AZ12,#REF!) | ID12: =AVERAGE(BA12) | IE12: =AVERAGE(AC12)
B13: 7 | C13: 052-24-125541 | D13: Zeeshan Ahmad | E13: 78 | F13: 65.83 | G13: 73.33 | H13: 0 | I13: 0 | J13: 71.56 | K13: 60 | L13: 66.67 | O13: 65.83 | P13: 56.25 | Q13: 62 | R13: 61.85 | S13: 68.52 | T13: 80 | U13: 70 | V13: 80 | W13: 64.29 | X13: 92.73 | Y13: 95.09 | Z13: 78.52 | AA13: 77 | AB13: 62.5 | AE13: 33.33 | AF13: 67.5 | AG13: 73.33 | AH13: 62.916667 | AJ13: 70 | AL13: 69.72 | AM13: 70 | AN13: 55.93 | AQ13: 83.33 | AR13: 83.33 | AS13: 68.89 | AT13: 81.67 | AU13: 71.67 | AV13: 73.33 | AW13: 76.5 | AX13: 35.555556 | AY13: 32 | AZ13: 35.238095 | BA13: 42.777778 | BB13: 72.5 | BC13: 76.5 | HV13: =AVERAGE(AX13,AU13,AQ13,AN13,Z13,R13,O13,J13) | HW13: =AVERAGE(BB13,AR13,AH13,AD13,P13,H13,E13) | HX13: =AVERAGE(BC13,AE13) | HY13: =AVERAGE(AW13,AV13,AS13,AL13,AJ13,Q13) | HZ13: =AVERAGE(AT13,AM13,AF13,T13,I13) | IA13: =AVERAGE(AY13,AG13) | IB13: =AVERAGE(AZ13,#REF!) | ID13: =AVERAGE(BA13) | IE13: =AVERAGE(AC13)
B14: 8 | C14: 052-24-125123 | D14: Ahmad Zeeshan | E14: 78 | F14: 65 | G14: 77.5 | H14: 59.94 | I14: 58.8 | J14: 70.63 | K14: 68 | L14: 75.56 | M14: 51.82 | N14: 46.67 | O14: 50 | P14: 58.75 | Q14: 66.5 | R14: 45.74 | S14: 50.74 | T14: 48 | U14: 63.33 | V14: 85 | W14: 63.93 | X14: 92.73 | Y14: 89.82 | Z14: 92.96 | AA14: 84 | AB14: 68.96 | AE14: 60 | AF14: 69.17 | AG14: 73.33 | AH14: 73.333333 | AJ14: 70.833333 | AL14: 78.06 | AM14: 75.45 | AN14: 72.22 | AQ14: 83.33 | AR14: 83.33 | AS14: 67.78 | AT14: 78.33 | AU14: 65 | AV14: 74 | AW14: 62 | AX14: 57.62 | AY14: 86 | AZ14: 84.29 | BA14: 71.67 | BB14: 92.5 | BC14: 87.75 | HV14: =AVERAGE(AX14,AU14,AQ14,AN14,Z14,R14,O14,J14) | HW14: =AVERAGE(BB14,AR14,AH14,AD14,P14,H14,E14) | HX14: =AVERAGE(BC14,AE14) | HY14: =AVERAGE(AW14,AV14,AS14,AL14,AJ14,Q14) | HZ14: =AVERAGE(AT14,AM14,AF14,T14,I14) | IA14: =AVERAGE(AY14,AG14) | IB14: =AVERAGE(AZ14,#REF!) | ID14: =AVERAGE(BA14) | IE14: =AVERAGE(AC14)
B15: 9 | C15: 052-24-125515 | D15: Rabia Noor | E15: 96 | F15: 90.83 | G15: 85.83 | H15: 80.08 | I15: 77.8 | J15: 89.38 | K15: 86 | L15: 76.67 | M15: 89.55 | N15: 92.5 | O15: 70 | P15: 75.83 | Q15: 57.5 | R15: 87.59 | S15: 92.04 | T15: 92 | U15: 86.67 | V15: 97.5 | W15: 67.5 | X15: 93.33 | Y15: 95.64 | Z15: 85.93 | AA15: 91 | AB15: 81.25 | AE15: 60 | AF15: 89.17 | AG15: 91.67 | AH15: 85.833333 | AJ15: 80.833333 | AL15: 83.61 | AM15: 89.09 | AN15: 79.26 | AQ15: 90 | AR15: 80 | AS15: 67.78 | AT15: 75 | AU15: 98.33 | AV15: 85.33 | AW15: 98 | AX15: 77.777778 | AY15: 88.666667 | AZ15: 85.238095 | BA15: 90 | BB15: 90 | BC15: 84.25 | HV15: =AVERAGE(AX15,AU15,AQ15,AN15,Z15,R15,O15,J15) | HW15: =AVERAGE(BB15,AR15,AH15,AD15,P15,H15,E15) | HX15: =AVERAGE(BC15,AE15) | HY15: =AVERAGE(AW15,AV15,AS15,AL15,AJ15,Q15) | HZ15: =AVERAGE(AT15,AM15,AF15,T15,I15) | IA15: =AVERAGE(AY15,AG15) | IB15: =AVERAGE(AZ15,#REF!) | ID15: =AVERAGE(BA15) | IE15: =AVERAGE(AC15)
B16: 10 | C16: 052-24-125502 | D16: Dua Mazhar | E16: 74 | F16: 90 | G16: 83.33 | H16: 64.92 | I16: 59.13 | J16: 85 | K16: 70 | L16: 82.22 | M16: 64.09 | N16: 60.83 | O16: 51.67 | P16: 46.67 | Q16: 50 | R16: 61.3 | S16: 67.96 | T16: 48 | U16: 53.33 | V16: 72.5 | W16: 70.36 | X16: 94.55 | Y16: 94.18 | Z16: 78.52 | AA16: 73.5 | AB16: 70 | AE16: 73.33 | AF16: 73.33 | AG16: 91.67 | AH16: 75.416667 | AJ16: 80.833333 | AL16: 83.33 | AM16: 85.15 | AN16: 76 | AQ16: 83.33 | AR16: 83.3 | AS16: 82.22 | AT16: 63.33 | AU16: 78.33 | AV16: 81.67 | AW16: 89 | AX16: 77.460317 | AY16: 100 | AZ16: 100 | BA16: 95 | BB16: 80.83 | BC16: 77 | HV16: =AVERAGE(AX16,AU16,AQ16,AN16,Z16,R16,O16,J16) | HW16: =AVERAGE(BB16,AR16,AH16,AD16,P16,H16,E16) | HX16: =AVERAGE(BC16,AE16) | HY16: =AVERAGE(AW16,AV16,AS16,AL16,AJ16,Q16) | HZ16: =AVERAGE(AT16,AM16,AF16,T16,I16) | IA16: =AVERAGE(AY16,AG16) | IB16: =AVERAGE(AZ16,#REF!) | ID16: =AVERAGE(BA16) | IE16: =AVERAGE(AC16)
B17: 11 | C17: 052-24-125114 | D17: Shariq Risalat | E17: 0 | F17: 0 | G17: 0 | H17: 0 | I17: 0 | J17: 0 | K17: 0 | L17: 0 | M17: 0 | N17: 0 | O17: 0 | P17: 0 | Q17: 0 | R17: 0 | S17: 0 | T17: 0 | U17: 0 | V17: 0 | W17: 0 | X17: 0 | Y17: 0 | Z17: 0 | AA17: 0 | AB17: 0 | AE17: 40 | AF17: 10 | AG17: 23.33 | AH17: 47.916667 | AJ17: 59.166667 | AL17: 67.5 | AM17: 70.61 | AN17: 76.67 | AQ17: 86.67 | AR17: 66.67 | AS17: 75.56 | AT17: 83.33 | AU17: 63.33 | AV17: 37.33 | AW17: 10 | AX17: 26.19 | AY17: 16.67 | AZ17: 15.71 | BA17: 21.67 | BB17: 79.17 | BC17: 79 | HV17: =AVERAGE(AX17,AU17,AQ17,AN17,Z17,R17,O17,J17) | HW17: =AVERAGE(BB17,AR17,AH17,AD17,P17,H17,E17) | HX17: =AVERAGE(BC17,AE17) | HY17: =AVERAGE(AW17,AV17,AS17,AL17,AJ17,Q17) | HZ17: =AVERAGE(AT17,AM17,AF17,T17,I17) | IA17: =AVERAGE(AY17,AG17) | IB17: =AVERAGE(AZ17,#REF!) | ID17: =AVERAGE(BA17) | IE17: =AVERAGE(AC17)
B18: 12 | C18: 052-24-125174 | D18: Arman Javed | E18: 72 | F18: 72.5 | G18: 67.5 | H18: 62.03 | I18: 58.73 | J18: 69.06 | K18: 58 | L18: 70 | M18: 77.42 | N18: 80 | O18: 57.92 | P18: 45 | Q18: 62 | R18: 57.41 | S18: 58.33 | T18: 40 | U18: 63.33 | V18: 80 | W18: 63.93 | X18: 93.33 | Y18: 89.82 | Z18: 74.81 | AA18: 62 | AB18: 68.33 | AE18: 80 | AF18: 75.83 | AG18: 75.5 | AH18: 66.25 | AJ18: 75.833333 | AL18: 74.17 | AM18: 73.94 | AN18: 72.96 | AQ18: 83.33 | AR18: 83.33 | AS18: 71.11 | AT18: 75 | AU18: 71.67 | AV18: 73.33 | AW18: 80 | AX18: 54.761905 | AY18: 54.761905 | AZ18: 91.904762 | BA18: 76.666667 | BB18: 80.83 | BC18: 85.25 | HV18: =AVERAGE(AX18,AU18,AQ18,AN18,Z18,R18,O18,J18) | HW18: =AVERAGE(BB18,AR18,AH18,AD18,P18,H18,E18) | HX18: =AVERAGE(BC18,AE18) | HY18: =AVERAGE(AW18,AV18,AS18,AL18,AJ18,Q18) | HZ18: =AVERAGE(AT18,AM18,AF18,T18,I18) | IA18: =AVERAGE(AY18,AG18) | IB18: =AVERAGE(AZ18,#REF!) | ID18: =AVERAGE(BA18) | IE18: =AVERAGE(AC18)
B19: 13 | C19: 052-24-125292 | D19: Muhammad Jahangeer | E19: 80 | F19: 65.83 | G19: 70 | H19: 67.75 | I19: 69.27 | J19: 77.81 | K19: 70 | L19: 66.67 | M19: 73.94 | N19: 75 | O19: 52.92 | P19: 49.58 | Q19: 45.5 | R19: 73.15 | S19: 86.67 | T19: 60 | U19: 83.33 | V19: 90 | W19: 80.71 | X19: 95.45 | Y19: 95.82 | Z19: 74.81 | AA19: 73.25 | AB19: 75.83 | AE19: 66.67 | AF19: 64.17 | AG19: 75 | AH19: 68.75 | AJ19: 70.833333 | AL19: 75.83 | AM19: 76.06 | AN19: 77.41 | AQ19: 76.67 | AR19: 76.67 | AS19: 75.56 | AT19: 60 | AU19: 61.67 | AV19: 84 | AW19: 95 | AX19: 53.015873 | AY19: 92.666667 | AZ19: 92.857143 | BA19: 76.666667 | BB19: 80 | BC19: 83 | HV19: =AVERAGE(AX19,AU19,AQ19,AN19,Z19,R19,O19,J19) | HW19: =AVERAGE(BB19,AR19,AH19,AD19,P19,H19,E19) | HX19: =AVERAGE(BC19,AE19) | HY19: =AVERAGE(AW19,AV19,AS19,AL19,AJ19,Q19) | HZ19: =AVERAGE(AT19,AM19,AF19,T19,I19) | IA19: =AVERAGE(AY19,AG19) | IB19: =AVERAGE(AZ19,#REF!) | ID19: =AVERAGE(BA19) | IE19: =AVERAGE(AC19)
B20: 14 | C20: 052-24-125247 | D20: Anisha Munawar | E20: 88 | F20: 91.67 | G20: 89.17 | H20: 73.7 | I20: 68.33 | J20: 87.81 | K20: 82.33 | L20: 82.22 | M20: 84.85 | N20: 98.33 | O20: 81.67 | P20: 64.17 | Q20: 77 | R20: 59.07 | S20: 66.3 | T20: 60 | U20: 90 | V20: 87.5 | W20: 67.86 | X20: 94.55 | Y20: 95.82 | Z20: 78.52 | AA20: 61.7 | AB20: 63.83 | AE20: 46.67 | AF20: 85 | AG20: 90 | AH20: 94.166667 | AJ20: 82.5 | AL20: 85.28 | AM20: 90 | AN20: 75.74 | AQ20: 93.33 | AR20: 93.33 | AS20: 73.33 | AT20: 56.67 | AU20: 98.33 | AV20: 73 | AW20: 70 | AX20: 86.190476 | AY20: 76.666667 | AZ20: 68.095238 | BA20: 75.555556 | BB20: 83.33 | BC20: 84.75 | HV20: =AVERAGE(AX20,AU20,AQ20,AN20,Z20,R20,O20,J20) | HW20: =AVERAGE(BB20,AR20,AH20,AD20,P20,H20,E20) | HX20: =AVERAGE(BC20,AE20) | HY20: =AVERAGE(AW20,AV20,AS20,AL20,AJ20,Q20) | HZ20: =AVERAGE(AT20,AM20,AF20,T20,I20) | IA20: =AVERAGE(AY20,AG20) | IB20: =AVERAGE(AZ20,#REF!) | ID20: =AVERAGE(BA20) | IE20: =AVERAGE(AC20)
B21: 15 | C21: 052-24-125390 | D21: Ch. Muhammad Ameer | E21: 44 | F21: 47.5 | G21: 60 | H21: 63.16 | I21: 62.33 | J21: 60 | K21: 62 | L21: 75 | M21: 74.7 | N21: 78.33 | O21: 67.08 | P21: 56.25 | Q21: 65 | R21: 57.22 | S21: 64.44 | T21: 80 | U21: 66.67 | V21: 67.5 | W21: 60.48 | X21: 89.7 | Y21: 88.91 | Z21: 78.52 | AA21: 66.5 | AB21: 69.58 | AE21: 46.67 | AF21: 65 | AG21: 58.33 | AH21: 62.916667 | AJ21: 69.166667 | AL21: 72.78 | AM21: 69.09 | AN21: 76.67 | AQ21: 90 | AR21: 90 | AS21: 67.78 | AT21: 55 | AU21: 61.67 | AV21: 71 | AW21: 80.5 | AX21: 58.571429 | AY21: 86.666667 | AZ21: 90 | BA21: 75 | BB21: 71.67 | BC21: 75 | HV21: =AVERAGE(AX21,AU21,AQ21,AN21,Z21,R21,O21,J21) | HW21: =AVERAGE(BB21,AR21,AH21,AD21,P21,H21,E21) | HX21: =AVERAGE(BC21,AE21) | HY21: =AVERAGE(AW21,AV21,AS21,AL21,AJ21,Q21) | HZ21: =AVERAGE(AT21,AM21,AF21,T21,I21) | IA21: =AVERAGE(AY21,AG21) | IB21: =AVERAGE(AZ21,#REF!) | ID21: =AVERAGE(BA21) | IE21: =AVERAGE(AC21)
B22: 16 | C22: 052-24-125113 | D22: Abdul Hameed Satti | AE22: 66.67 | AF22: 9.17 | AG22: 18.33 | AH22: 56.25 | AJ22: 63.333333 | AL22: 72.22 | AM22: 68.48 | AN22: 72.96 | AQ22: 86.67 | AR22: 93.33 | AS22: 55.56 | AT22: 65 | AU22: 65 | AV22: 34.67 | AW22: 35 | AX22: 9.05 | AY22: 10 | AZ22: 2.86 | BA22: 6.67 | BB22: 83.33 | BC22: 74 | HV22: =AVERAGE(AX22,AU22,AQ22,AN22,Z22,R22,O22,J22) | HW22: =AVERAGE(BB22,AR22,AH22,AD22,P22,H22,E22) | HX22: =AVERAGE(BC22,AE22) | HY22: =AVERAGE(AW22,AV22,AS22,AL22,AJ22,Q22) | HZ22: =AVERAGE(AT22,AM22,AF22,T22,I22) | IA22: =AVERAGE(AY22,AG22) | IB22: =AVERAGE(AZ22,#REF!) | ID22: =AVERAGE(BA22) | IE22: =AVERAGE(AC22)
B23: 17 | C23: 052-24-125357 | D23: Shahbaz Sikander | AE23: 40 | AF23: 62.5 | AG23: 71.67 | AH23: 45 | AJ23: 58.333333 | AL23: 67.19 | AM23: 69.09 | AU23: 20 | AV23: 0 | AW23: 0 | BB23: 73.33 | BC23: 74.25 | HV23: =AVERAGE(AX23,AU23,AQ23,AN23,Z23,R23,O23,J23) | HW23: =AVERAGE(BB23,AR23,AH23,AD23,P23,H23,E23) | HX23: =AVERAGE(BC23,AE23) | HY23: =AVERAGE(AW23,AV23,AS23,AL23,AJ23,Q23) | HZ23: =AVERAGE(AT23,AM23,AF23,T23,I23) | IA23: =AVERAGE(AY23,AG23) | IE23: =AVERAGE(AC23)
B24: 18 | C24: 052-24-125231 | D24: Raja Fakhir Ayoub Khan | E24: 58 | F24: 67.5 | G24: 70 | J24: 64.69 | K24: 64 | L24: 70 | M24: 68.18 | N24: 60 | O24: 57.5 | P24: 56.67 | Q24: 73.5 | R24: 41.85 | S24: 52.96 | T24: 40 | U24: 73.33 | V24: 82.5 | W24: 77.62 | X24: 95.45 | Y24: 91.82 | Z24: 74.81 | AA24: 68.5 | AB24: 64.17 | AE24: 46.67 | AF24: 70 | AG24: 78.33 | AH24: 65.833333 | AJ24: 73.333333 | AL24: 71.39 | AM24: 70.3 | AN24: 78.15 | AQ24: 76.67 | AR24: 76.67 | AS24: 50 | AT24: 61.67 | AU24: 58.33 | AV24: 55 | AW24: 86 | AX24: 19.047619 | AY24: 33.333333 | AZ24: 28.571429 | BA24: 30 | BB24: 72.5 | BC24: 71 | HV24: =AVERAGE(AX24,AU24,AQ24,AN24,Z24,R24,O24,J24) | HW24: =AVERAGE(BB24,AR24,AH24,AD24,P24,H24,E24) | HX24: =AVERAGE(BC24,AE24) | HY24: =AVERAGE(AW24,AV24,AS24,AL24,AJ24,Q24) | HZ24: =AVERAGE(AT24,AM24,AF24,T24,I24) | IA24: =AVERAGE(AY24,AG24) | IB24: =AVERAGE(AZ24,#REF!) | ID24: =AVERAGE(BA24) | IE24: =AVERAGE(AC24)
B25: 19 | C25: 052-24-125411 | D25: Mahnoor Safdar | E25: 86 | F25: 83.33 | G25: 90 | H25: 80.16 | I25: 70.53 | J25: 81.25 | K25: 84.67 | L25: 85.56 | M25: 81.21 | N25: 87.5 | O25: 65.83 | P25: 83.33 | Q25: 78 | R25: 65.19 | S25: 71.85 | T25: 88 | U25: 36.67 | V25: 65 | W25: 60.71 | X25: 89.7 | Y25: 89.09 | Z25: 78.52 | AA25: 77 | AB25: 77.92 | AE25: 60 | AF25: 85 | AG25: 93.33 | AH25: 93.75 | AJ25: 85 | AL25: 92.78 | AM25: 90.61 | AN25: 83.7 | AQ25: 93.33 | AR25: 90 | AS25: 83.33 | AT25: 73.33 | AU25: 71.67 | AV25: 82.67 | AW25: 95 | AX25: 58.571429 | AY25: 86.666667 | AZ25: 90 | BA25: 75 | BB25: 90 | BC25: 91 | HV25: =AVERAGE(AX25,AU25,AQ25,AN25,Z25,R25,O25,J25) | HW25: =AVERAGE(BB25,AR25,AH25,AD25,P25,H25,E25) | HX25: =AVERAGE(BC25,AE25) | HY25: =AVERAGE(AW25,AV25,AS25,AL25,AJ25,Q25) | HZ25: =AVERAGE(AT25,AM25,AF25,T25,I25) | IA25: =AVERAGE(AY25,AG25) | IB25: =AVERAGE(AZ25,#REF!) | ID25: =AVERAGE(BA25) | IE25: =AVERAGE(AC25)
B26: 20 | C26: 052-24-125098 | D26: Muhammad Ahmad Mujtaba | E26: 74 | F26: 66.67 | G26: 74.17 | H26: 60 | I26: 63.07 | J26: 76.25 | K26: 60 | L26: 73.33 | M26: 75.61 | N26: 80.83 | O26: 60 | P26: 50.42 | Q26: 78 | R26: 65.74 | S26: 78.52 | T26: 88 | U26: 90 | V26: 95 | W26: 71.43 | X26: 95.45 | Y26: 95.27 | Z26: 89.63 | AA26: 83 | AB26: 95.83 | AE26: 60 | AF26: 63.33 | AG26: 66.67 | AH26: 71.666667 | AJ26: 71.666667 | AL26: 83.33 | AM26: 82.42 | AN26: 77.78 | AQ26: 73.33 | AR26: 83.33 | AS26: 67.78 | AT26: 83.33 | AU26: 81.67 | AV26: 78.33 | AW26: 93 | AX26: 78.89 | AY26: 90.67 | AZ26: 92.86 | BA26: 86.67 | BB26: 84.17 | BC26: 85.75 | HV26: =AVERAGE(AX26,AU26,AQ26,AN26,Z26,R26,O26,J26) | HW26: =AVERAGE(BB26,AR26,AH26,AD26,P26,H26,E26) | HX26: =AVERAGE(BC26,AE26) | HY26: =AVERAGE(AW26,AV26,AS26,AL26,AJ26,Q26) | HZ26: =AVERAGE(AT26,AM26,AF26,T26,I26) | IA26: =AVERAGE(AY26,AG26) | IB26: =AVERAGE(AZ26,#REF!) | ID26: =AVERAGE(BA26) | IE26: =AVERAGE(AC26)
B27: 21 | C27: 052-24-125155 | D27: Muhammad Suleman | AE27: 33.33 | AF27: 80 | AG27: 83.33 | AH27: 85 | AJ27: 80 | AL27: 77.5 | AM27: 75.76 | AN27: 82.96 | AQ27: 80 | AR27: 86.67 | AS27: 71.11 | AT27: 80 | AU27: 71.67 | AV27: 53.33 | AW27: 66 | AX27: 32.06 | AY27: 42.67 | AZ27: 35.71 | BA27: 38.33 | BB27: 86.67 | BC27: 90.25 | HV27: =AVERAGE(AX27,AU27,AQ27,AN27,Z27,R27,O27,J27) | HW27: =AVERAGE(BB27,AR27,AH27,AD27,P27,H27,E27) | HX27: =AVERAGE(BC27,AE27) | HY27: =AVERAGE(AW27,AV27,AS27,AL27,AJ27,Q27) | HZ27: =AVERAGE(AT27,AM27,AF27,T27,I27) | IA27: =AVERAGE(AY27,AG27) | IB27: =AVERAGE(AZ27,#REF!) | ID27: =AVERAGE(BA27) | IE27: =AVERAGE(AC27)
B28: 22 | C28: 052-24-125420 | D28: Nouman Shahid | AE28: 40 | AH28: 0 | AJ28: 5.8333333 | AL28: 10.83 | AM28: 7.27 | AU28: 0 | AV28: 0 | AW28: 10 | AX28: 0 | AY28: 0 | AZ28: 0 | BA28: 0 | BB28: 0 | BC28: 0 | HV28: =AVERAGE(AX28,AU28,AQ28,AN28,Z28,R28,O28,J28) | HW28: =AVERAGE(BB28,AR28,AH28,AD28,P28,H28,E28) | HX28: =AVERAGE(BC28,AE28) | HY28: =AVERAGE(AW28,AV28,AS28,AL28,AJ28,Q28) | HZ28: =AVERAGE(AT28,AM28,AF28,T28,I28) | IB28: =AVERAGE(AZ28,#REF!) | IE28: =AVERAGE(AC28)
B29: 23 | C29: 052-24-125291 | D29: Ghulam Ali | E29: 70 | F29: 63.33 | G29: 72.5 | H29: 65.82 | I29: 65.8 | J29: 67.5 | K29: 60 | L29: 75 | M29: 54.55 | N29: 49.17 | O29: 52.92 | P29: 51.67 | Q29: 84 | R29: 63.52 | S29: 70.19 | T29: 60 | U29: 73.33 | V29: 92.5 | W29: 75 | X29: 92.73 | Y29: 92.18 | Z29: 74.81 | AA29: 66.5 | AB29: 70 | AE29: 40 | AF29: 57.5 | AG29: 56.67 | AH29: 65 | AJ29: 73.333333 | AL29: 65.28 | AM29: 68.18 | AN29: 53.7 | AQ29: 90 | AR29: 83.33 | AS29: 61.11 | AT29: 68.33 | AU29: 53.33 | AV29: 57.67 | AW29: 90.5 | AX29: 50.15873 | AY29: 84.666667 | AZ29: 85.238095 | BA29: 76.666667 | BB29: 72.5 | BC29: 70.75 | HV29: =AVERAGE(AX29,AU29,AQ29,AN29,Z29,R29,O29,J29) | HW29: =AVERAGE(BB29,AR29,AH29,AD29,P29,H29,E29) | HX29: =AVERAGE(BC29,AE29) | HY29: =AVERAGE(AW29,AV29,AS29,AL29,AJ29,Q29) | HZ29: =AVERAGE(AT29,AM29,AF29,T29,I29) | IA29: =AVERAGE(AY29,AG29) | IB29: =AVERAGE(AZ29,#REF!) | ID29: =AVERAGE(BA29) | IE29: =AVERAGE(AC29)
B30: 24 | C30: 052-24-125240 | D30: Umer Farooq | E30: 34 | F30: 44.17 | G30: 63.33 | J30: 47.5 | K30: 30.33 | L30: 60 | R30: 60.19 | S30: 65.74 | T30: 60 | U30: 23.33 | V30: 42.5 | W30: 26.19 | X30: 86.97 | Y30: 82.73 | Z30: 37.41 | AA30: 43 | AB30: 44.17 | AE30: 53.33 | AF30: 58.33 | AG30: 73.33 | AH30: 41.666667 | AJ30: 65 | AL30: 68.61 | AM30: 65.76 | AN30: 73.7 | AQ30: 83.33 | AR30: 83.33 | AS30: 63.33 | AT30: 81.67 | AU30: 71.67 | AV30: 79.33 | AW30: 69.5 | AX30: 31.904762 | AY30: 42.666667 | AZ30: 40.952381 | BA30: 48.888889 | BB30: 83.33 | BC30: 79 | HV30: =AVERAGE(AX30,AU30,AQ30,AN30,Z30,R30,O30,J30) | HW30: =AVERAGE(BB30,AR30,AH30,AD30,P30,H30,E30) | HX30: =AVERAGE(BC30,AE30) | HY30: =AVERAGE(AW30,AV30,AS30,AL30,AJ30,Q30) | HZ30: =AVERAGE(AT30,AM30,AF30,T30,I30) | IA30: =AVERAGE(AY30,AG30) | IB30: =AVERAGE(AZ30,#REF!) | ID30: =AVERAGE(BA30) | IE30: =AVERAGE(AC30)
B31: 25 | C31: 052-24-125443 | D31: Annan Khalid | E31: 68 | F31: 68.33 | G31: 68.33 | H31: 62.8 | I31: 56.13 | J31: 65.63 | K31: 60 | L31: 70 | M31: 74.85 | N31: 79.17 | O31: 52.5 | P31: 62.92 | Q31: 66 | R31: 61.67 | S31: 64.81 | T31: 40 | U31: 80 | V31: 85 | W31: 56.55 | X31: 95.15 | Y31: 90 | Z31: 76.3 | AA31: 66 | AB31: 66.67 | AE31: 60 | AF31: 63.33 | AG31: 71.67 | AH31: 61.666667 | AJ31: 79.166667 | AL31: 69.44 | AM31: 71.52 | AN31: 71.48 | AQ31: 83.33 | AR31: 83.33 | AS31: 72.22 | AT31: 68.33 | AU31: 53.33 | AV31: 75 | AW31: 91 | AX31: 40.31746 | AY31: 35.333333 | AZ31: 56.666667 | BA31: 49.444444 | BB31: 79.17 | BC31: 75.25 | HV31: =AVERAGE(AX31,AU31,AQ31,AN31,Z31,R31,O31,J31) | HW31: =AVERAGE(BB31,AR31,AH31,AD31,P31,H31,E31) | HX31: =AVERAGE(BC31,AE31) | HY31: =AVERAGE(AW31,AV31,AS31,AL31,AJ31,Q31) | HZ31: =AVERAGE(AT31,AM31,AF31,T31,I31) | IA31: =AVERAGE(AY31,AG31) | IB31: =AVERAGE(AZ31,#REF!) | ID31: =AVERAGE(BA31) | IE31: =AVERAGE(AC31)
B32: 26 | C32: 052-24-125016 | D32: Tanseela Mureed | E32: 94 | F32: 93.33 | G32: 82.5 | H32: 84.81 | I32: 79 | J32: 95.94 | K32: 84.33 | L32: 85 | M32: 96.21 | N32: 99.17 | O32: 93.33 | P32: 80.83 | Q32: 69.5 | R32: 92.78 | S32: 99 | T32: 99.9 | U32: 60 | V32: 100 | W32: 86.9 | X32: 96.36 | Y32: 96.36 | Z32: 95.19 | AA32: 93 | AB32: 91.46 | AE32: 80 | AF32: 82.5 | AG32: 86.67 | AH32: 88.333333 | AJ32: 85 | AL32: 90.28 | AM32: 90.91 | AN32: 88.15 | AQ32: 93.33 | AR32: 96.67 | AS32: 82.22 | AT32: 76.67 | AU32: 82.5 | AV32: 92.67 | AW32: 90 | AX32: 86.666667 | AY32: 84.666667 | AZ32: 79.52381 | BA32: 91.666667 | BB32: 95 | BC32: 84.25 | HV32: =AVERAGE(AX32,AU32,AQ32,AN32,Z32,R32,O32,J32) | HW32: =AVERAGE(BB32,AR32,AH32,AD32,P32,H32,E32) | HX32: =AVERAGE(BC32,AE32) | HY32: =AVERAGE(AW32,AV32,AS32,AL32,AJ32,Q32) | HZ32: =AVERAGE(AT32,AM32,AF32,T32,I32) | IA32: =AVERAGE(AY32,AG32) | IB32: =AVERAGE(AZ32,#REF!) | ID32: =AVERAGE(BA32) | IE32: =AVERAGE(AC32)
B33: 27 | C33: 052-24-125441 | D33: Danish Ghauri | E33: 68 | F33: 65.83 | G33: 70.83 | H33: 40.43 | I33: 18.27 | J33: 65.63 | K33: 68.67 | L33: 72.22 | M33: 50.61 | N33: 47.5 | O33: 57.08 | P33: 60.83 | Q33: 63.5 | R33: 44.63 | S33: 51.85 | T33: 48 | U33: 63.33 | V33: 57.5 | W33: 65.36 | X33: 93.33 | Y33: 86.36 | Z33: 78.52 | AA33: 69 | AB33: 63.33 | AE33: 66.67 | AF33: 70 | AG33: 83.33 | AH33: 69.583333 | AJ33: 80.833333 | AL33: 78.61 | AM33: 75.15 | AN33: 71.48 | AQ33: 70 | AR33: 73.33 | AS33: 68.89 | AT33: 55 | AU33: 70.83 | AV33: 79.33 | AW33: 96 | AX33: 57.619048 | AY33: 72.666667 | AZ33: 83.333333 | BA33: 75 | BB33: 80.83 | BC33: 80.5 | HV33: =AVERAGE(AX33,AU33,AQ33,AN33,Z33,R33,O33,J33) | HW33: =AVERAGE(BB33,AR33,AH33,AD33,P33,H33,E33) | HX33: =AVERAGE(BC33,AE33) | HY33: =AVERAGE(AW33,AV33,AS33,AL33,AJ33,Q33) | HZ33: =AVERAGE(AT33,AM33,AF33,T33,I33) | IA33: =AVERAGE(AY33,AG33) | IB33: =AVERAGE(AZ33,#REF!) | ID33: =AVERAGE(BA33) | IE33: =AVERAGE(AC33)
B34: 28 | C34: 052-24-125416 | D34: Khubaib akhtar | E34: 62 | F34: 62.5 | G34: 79.17 | H34: 37.06 | I34: 17.67 | J34: 72.19 | K34: 64.67 | L34: 71.67 | M34: 41.97 | N34: 42.5 | O34: 52.08 | P34: 64.58 | Q34: 67 | R34: 45.19 | S34: 51.3 | T34: 48 | U34: 83.33 | V34: 60 | W34: 50.36 | X34: 90.61 | Y34: 87.27 | Z34: 74.81 | AA34: 60 | AB34: 76.25 | AF34: 69.17 | AG34: 65 | AH34: 66.666667 | AJ34: 74.166667 | AL34: 72.78 | AM34: 74.24 | AN34: 72.04 | AQ34: 80 | AR34: 80 | AS34: 74.44 | AT34: 65 | AU34: 78.33 | AV34: 72 | AW34: 76 | AX34: 52.857143 | AY34: 85.333333 | AZ34: 88.571429 | BA34: 75.555556 | BB34: 87.5 | BC34: 81.75 | HV34: =AVERAGE(AX34,AU34,AQ34,AN34,Z34,R34,O34,J34) | HW34: =AVERAGE(BB34,AR34,AH34,AD34,P34,H34,E34) | HX34: =AVERAGE(BC34,AE34) | HY34: =AVERAGE(AW34,AV34,AS34,AL34,AJ34,Q34) | HZ34: =AVERAGE(AT34,AM34,AF34,T34,I34) | IA34: =AVERAGE(AY34,AG34) | IB34: =AVERAGE(AZ34,#REF!) | ID34: =AVERAGE(BA34)
B35: 29 | C35: 052-24-125200 | D35: Muhammad Roman Arif | E35: 72 | F35: 55.83 | G35: 77.5 | H35: 62.82 | I35: 58.53 | J35: 61.56 | K35: 66 | L35: 72.78 | M35: 79.09 | N35: 80 | O35: 55 | P35: 65 | Q35: 62 | R35: 70.37 | S35: 81.48 | T35: 80 | U35: 66.67 | V35: 52.5 | W35: 56.43 | X35: 94.55 | Y35: 95.64 | Z35: 63.7 | AA35: 77.5 | AB35: 77.5 | AE35: 66.67 | AF35: 63.33 | AG35: 75 | AH35: 70 | AJ35: 71.666667 | AL35: 83.06 | AM35: 75.45 | AN35: 75.56 | AQ35: 83.33 | AR35: 86.67 | AS35: 71.11 | AT35: 78.33 | AU35: 30.83 | AV35: 76.33 | AW35: 60 | AX35: 31.269841 | AY35: 48.666667 | AZ35: 30.952381 | BA35: 13.333333 | BB35: 80 | BC35: 75.25 | HV35: =AVERAGE(AX35,AU35,AQ35,AN35,Z35,R35,O35,J35) | HW35: =AVERAGE(BB35,AR35,AH35,AD35,P35,H35,E35) | HX35: =AVERAGE(BC35,AE35) | HY35: =AVERAGE(AW35,AV35,AS35,AL35,AJ35,Q35) | HZ35: =AVERAGE(AT35,AM35,AF35,T35,I35) | IA35: =AVERAGE(AY35,AG35) | IB35: =AVERAGE(AZ35,#REF!) | ID35: =AVERAGE(BA35) | IE35: =AVERAGE(AC35)
B36: 30 | C36: 052-24-125448 | D36: Muhammad Hamza | E36: 62 | F36: 64.17 | G36: 77.5 | J36: 60.94 | K36: 66 | L36: 70.56 | M36: 49.39 | N36: 53.33 | O36: 50 | P36: 56.25 | Q36: 75 | R36: 45.74 | S36: 51.85 | T36: 60 | U36: 73.33 | V36: 70 | W36: 56.07 | X36: 86.06 | Y36: 84.36 | Z36: 82.22 | AA36: 72.5 | AB36: 67.5 | AE36: 66.67 | AF36: 61.67 | AG36: 68.33 | AH36: 70.416667 | AJ36: 72.5 | AL36: 71.11 | AM36: 78.48 | AN36: 78.7 | AQ36: 83.33 | AR36: 90 | AS36: 73.33 | AT36: 65 | AU36: 60 | AV36: 67.33 | AW36: 89 | AX36: 41.428571 | AY36: 22.666667 | AZ36: 20.47619 | BA36: 35 | BB36: 75.83 | BC36: 74 | HV36: =AVERAGE(AX36,AU36,AQ36,AN36,Z36,R36,O36,J36) | HW36: =AVERAGE(BB36,AR36,AH36,AD36,P36,H36,E36) | HX36: =AVERAGE(BC36,AE36) | HY36: =AVERAGE(AW36,AV36,AS36,AL36,AJ36,Q36) | HZ36: =AVERAGE(AT36,AM36,AF36,T36,I36) | IA36: =AVERAGE(AY36,AG36) | IB36: =AVERAGE(AZ36,#REF!) | ID36: =AVERAGE(BA36) | IE36: =AVERAGE(AC36)
B37: 31 | C37: 052-24-125106 | D37: Kashan Ali | AE37: 86.67 | AF37: 82.5 | AG37: 86.67 | AH37: 76.666667 | AJ37: 75.833333 | AL37: 81.67 | AM37: 80.91 | AN37: 79.81 | AQ37: 93.33 | AR37: 86.67 | AS37: 84.44 | AT37: 81.67 | AU37: 63.33 | AV37: 74.67 | AW37: 77 | AX37: 77.94 | AY37: 92.67 | AZ37: 87.62 | BA37: 91.11 | BB37: 60 | BC37: 74.25 | HV37: =AVERAGE(AX37,AU37,AQ37,AN37,Z37,R37,O37,J37) | HW37: =AVERAGE(BB37,AR37,AH37,AD37,P37,H37,E37) | HX37: =AVERAGE(BC37,AE37) | HY37: =AVERAGE(AW37,AV37,AS37,AL37,AJ37,Q37) | HZ37: =AVERAGE(AT37,AM37,AF37,T37,I37) | IA37: =AVERAGE(AY37,AG37) | IB37: =AVERAGE(AZ37,#REF!) | ID37: =AVERAGE(BA37) | IE37: =AVERAGE(AC37)
B38: 32 | C38: 052-24-125486 | D38: Azan Ali Khan | E38: 76 | F38: 76.67 | G38: 77.5 | H38: 67.74 | I38: 68.73 | J38: 70.63 | K38: 64 | L38: 78.89 | M38: 74.24 | N38: 78.33 | O38: 58.75 | P38: 60 | Q38: 64.5 | R38: 63.52 | S38: 69.63 | T38: 60 | U38: 70 | V38: 77.5 | W38: 65.83 | X38: 80.61 | Y38: 93.09 | Z38: 77.78 | AA38: 67.5 | AB38: 66.25 | AE38: 60 | AF38: 68.33 | AG38: 70 | AH38: 62.083333 | AJ38: 66.666667 | AL38: 82.22 | AM38: 81.21 | AN38: 75.19 | AQ38: 86.67 | AR38: 90 | AS38: 70 | AT38: 61.67 | AU38: 73.33 | AV38: 54.67 | AW38: 76 | AX38: 50.793651 | AY38: 76 | AZ38: 60.952381 | BA38: 86.666667 | BB38: 78.33 | BC38: 77.25 | HV38: =AVERAGE(AX38,AU38,AQ38,AN38,Z38,R38,O38,J38) | HW38: =AVERAGE(BB38,AR38,AH38,AD38,P38,H38,E38) | HX38: =AVERAGE(BC38,AE38) | HY38: =AVERAGE(AW38,AV38,AS38,AL38,AJ38,Q38) | HZ38: =AVERAGE(AT38,AM38,AF38,T38,I38) | IA38: =AVERAGE(AY38,AG38) | IB38: =AVERAGE(AZ38,#REF!) | ID38: =AVERAGE(BA38) | IE38: =AVERAGE(AC38)
B39: 33 | C39: 052-24-125440 | D39: Wajiha Khalid | E39: 80 | F39: 91.67 | G39: 83.33 | H39: 65.66 | I39: 62.07 | J39: 82.81 | K39: 75 | L39: 69.44 | M39: 70.76 | N39: 67.5 | O39: 72.5 | P39: 65 | Q39: 68.5 | R39: 58.7 | S39: 67.78 | T39: 68 | U39: 96.67 | V39: 67.5 | W39: 85.95 | X39: 95.45 | Y39: 95.64 | Z39: 78.52 | AA39: 91.5 | AB39: 83.75 | AE39: 73.33 | AF39: 73.33 | AG39: 73.33 | AH39: 82.083333 | AJ39: 84.166667 | AL39: 84.17 | AM39: 83.64 | AN39: 82.96 | AQ39: 93.33 | AR39: 93.33 | AS39: 68.89 | AT39: 63.33 | AU39: 74.17 | AV39: 85.33 | AW39: 96 | BB39: 85 | BC39: 82.25 | HV39: =AVERAGE(AX39,AU39,AQ39,AN39,Z39,R39,O39,J39) | HW39: =AVERAGE(BB39,AR39,AH39,AD39,P39,H39,E39) | HX39: =AVERAGE(BC39,AE39) | HY39: =AVERAGE(AW39,AV39,AS39,AL39,AJ39,Q39) | HZ39: =AVERAGE(AT39,AM39,AF39,T39,I39) | IA39: =AVERAGE(AY39,AG39) | IB39: =AVERAGE(AZ39,#REF!) | IE39: =AVERAGE(AC39)
B40: 34 | C40: 052-24-125497 | D40: Abdullah Ahmed | U40: 30 | V40: 27.5 | W40: 30.95 | X40: 87.88 | Y40: 82.91 | Z40: 44.81 | AA40: 25 | AB40: 27.5 | AE40: 46.67 | AF40: 63.33 | AG40: 60 | AH40: 54.166667 | AJ40: 42.5 | AL40: 41.39 | AM40: 32.73 | AN40: 60 | AQ40: 80 | AR40: 86.67 | AS40: 70 | AT40: 61.67 | AU40: 3 | AV40: 4 | AW40: 16.5 | AX40: 9.8412698 | AY40: 14 | AZ40: 11.904762 | BA40: 6.6666667 | BB40: 65.83 | BC40: 71.25 | HV40: =AVERAGE(AX40,AU40,AQ40,AN40,Z40,R40,O40,J40) | HW40: =AVERAGE(BB40,AR40,AH40,AD40,P40,H40,E40) | HX40: =AVERAGE(BC40,AE40) | HY40: =AVERAGE(AW40,AV40,AS40,AL40,AJ40,Q40) | HZ40: =AVERAGE(AT40,AM40,AF40,T40,I40) | IA40: =AVERAGE(AY40,AG40) | IB40: =AVERAGE(AZ40,#REF!) | ID40: =AVERAGE(BA40) | IE40: =AVERAGE(AC40)
B41: 36 | C41: 052-24-125542 | D41: Sardar Abdul Rehman | E41: 74 | F41: 65.83 | G41: 69.17 | H41: 74.38 | I41: 65.27 | J41: 64.06 | K41: 62 | L41: 72.22 | M41: 67.73 | N41: 66.67 | O41: 68.33 | P41: 51.25 | Q41: 68 | R41: 59.63 | S41: 67.96 | T41: 48 | U41: 63.33 | V41: 80 | W41: 66.43 | X41: 92.42 | Y41: 87.09 | Z41: 48.52 | AA41: 39 | AB41: 30.42 | AE41: 66.67 | AF41: 75.83 | AG41: 75 | AH41: 70 | AJ41: 73.333333 | AL41: 73.06 | AM41: 75.45 | AN41: 79.63 | AQ41: 83.33 | AR41: 86.67 | AS41: 82.22 | AT41: 86.67 | AU41: 53.33 | AV41: 75.33 | AW41: 76.5 | AX41: 50.793651 | AY41: 82 | AZ41: 81.428571 | BA41: 76.666667 | BB41: 80.83 | BC41: 83.25 | HV41: =AVERAGE(AX41,AU41,AQ41,AN41,Z41,R41,O41,J41) | HW41: =AVERAGE(BB41,AR41,AH41,AD41,P41,H41,E41) | HX41: =AVERAGE(BC41,AE41) | HY41: =AVERAGE(AW41,AV41,AS41,AL41,AJ41,Q41) | HZ41: =AVERAGE(AT41,AM41,AF41,T41,I41) | IA41: =AVERAGE(AY41,AG41) | IB41: =AVERAGE(AZ41,#REF!) | ID41: =AVERAGE(BA41) | IE41: =AVERAGE(AC41)
B42: 37 | C42: 052-24-125545 | D42: M. Jawad | E42: 40 | F42: 55 | G42: 62.5 | H42: 0 | I42: 0 | J42: 60 | K42: 60 | L42: 66.67 | O42: 52.08 | P42: 50.83 | Q42: 77.5 | R42: 38.33 | S42: 43.33 | T42: 24 | U42: 40 | V42: 20 | W42: 42.62 | X42: 87.88 | Y42: 83.64 | Z42: 41.11 | AA42: 32.5 | AB42: 27.5 | AF42: 44.17 | AG42: 46.67 | AH42: 63.75 | AJ42: 71.666667 | AL42: 60.28 | AM42: 57.88 | AN42: 80.37 | AQ42: 90 | AR42: 76.67 | AS42: 53.33 | AT42: 73.33 | AU42: 75 | AV42: 70.67 | AW42: 78 | AX42: 33.968254 | AY42: 18.666667 | AZ42: 32.380952 | BA42: 13.333333 | BB42: 72.5 | BC42: 76.5 | HV42: =AVERAGE(AX42,AU42,AQ42,AN42,Z42,R42,O42,J42) | HW42: =AVERAGE(BB42,AR42,AH42,AD42,P42,H42,E42) | HX42: =AVERAGE(BC42,AE42) | HY42: =AVERAGE(AW42,AV42,AS42,AL42,AJ42,Q42) | HZ42: =AVERAGE(AT42,AM42,AF42,T42,I42) | IA42: =AVERAGE(AY42,AG42) | IB42: =AVERAGE(AZ42,#REF!) | ID42: =AVERAGE(BA42)
B43: 38 | C43: 052-24-125182 | D43: Essha Sagheer | E43: 8 | F43: 10 | G43: 0 | H43: 12.17 | I43: 0 | J43: 0 | K43: 0 | L43: 0 | M43: 12.73 | N43: 0 | O43: 16.67 | P43: 13.33 | Q43: 14 | U43: 16.67 | V43: 15 | W43: 5.71 | X43: 75.15 | Y43: 7.27 | Z43: 44.81 | AA43: 45.01 | AB43: 47.12 | AE43: 66.67 | AF43: 68.33 | AG43: 73.33 | AH43: 70.833333 | AJ43: 66.666667 | AL43: 67.06 | AM43: 67.27 | AN43: 70 | AQ43: 80 | AR43: 83.33 | AS43: 72.22 | AT43: 76.67 | AU43: 80 | AV43: 66.33 | AW43: 43 | AX43: 65.555556 | AY43: 71.333333 | AZ43: 35.714286 | BA43: 36.666667 | BB43: 70 | BC43: 71.75 | HV43: =AVERAGE(AX43,AU43,AQ43,AN43,Z43,R43,O43,J43) | HW43: =AVERAGE(BB43,AR43,AH43,AD43,P43,H43,E43) | HX43: =AVERAGE(BC43,AE43) | HY43: =AVERAGE(AW43,AV43,AS43,AL43,AJ43,Q43) | HZ43: =AVERAGE(AT43,AM43,AF43,T43,I43) | IA43: =AVERAGE(AY43,AG43) | IB43: =AVERAGE(AZ43,#REF!) | ID43: =AVERAGE(BA43) | IE43: =AVERAGE(AC43)
B44: 39 | C44: 052-24-125364 | D44: Muhammad Ali | E44: 0 | F44: 0 | G44: 0 | H44: 0 | I44: 0 | AE44: 33.33 | AF44: 52.5 | AG44: 45 | AH44: 52.5 | AJ44: 52.5 | AL44: 68.06 | AM44: 71.52 | AN44: 57.04 | AQ44: 83.33 | AR44: 80 | AS44: 64.44 | AT44: 70 | AU44: 45 | AV44: 39 | AW44: 33 | AX44: 23.968254 | BA44: 13.333333 | BB44: 66.67 | BC44: 75.25 | HV44: =AVERAGE(AX44,AU44,AQ44,AN44,Z44,R44,O44,J44) | HW44: =AVERAGE(BB44,AR44,AH44,AD44,P44,H44,E44) | HX44: =AVERAGE(BC44,AE44) | HY44: =AVERAGE(AW44,AV44,AS44,AL44,AJ44,Q44) | HZ44: =AVERAGE(AT44,AM44,AF44,T44,I44) | IA44: =AVERAGE(AY44,AG44) | IB44: =AVERAGE(AZ44,#REF!) | ID44: =AVERAGE(BA44) | IE44: =AVERAGE(AC44)
B45: 40 | C45: 052-24-125309 | D45: Ayesha Abid | E45: 0 | F45: 0 | G45: 0 | H45: 0 | I45: 0 | M45: 45.91 | N45: 40 | R45: 40.74 | S45: 50.74 | T45: 40 | Z45: 50 | AA45: 36 | AB45: 46.25 | AE45: 46.67 | AU45: 37.5 | AV45: 52.67 | AW45: 30 | AX45: 56.190476 | AY45: 87.333333 | AZ45: 87.142857 | BA45: 68.333333 | BB45: 65.83 | BC45: 70.75 | HV45: =AVERAGE(AX45,AU45,AQ45,AN45,Z45,R45,O45,J45) | HW45: =AVERAGE(BB45,AR45,AH45,AD45,P45,H45,E45) | HX45: =AVERAGE(BC45,AE45) | HY45: =AVERAGE(AW45,AV45,AS45,AL45,AJ45,Q45) | HZ45: =AVERAGE(AT45,AM45,AF45,T45,I45) | IA45: =AVERAGE(AY45,AG45) | IB45: =AVERAGE(AZ45,#REF!) | ID45: =AVERAGE(BA45) | IE45: =AVERAGE(AC45)
B46: Class Average | E46: =AVERAGE(E7:E45) | F46: =AVERAGE(F7:F45) | G46: =AVERAGE(G7:G45) | H46: =AVERAGE(H7:H45) | I46: =AVERAGE(I7:I45) | J46: =AVERAGE(J7:J45) | K46: =AVERAGE(K7:K45) | L46: =AVERAGE(L7:L45) | ... R46: =AVERAGE(R7:R45) | T46: =AVERAGE(T7:T45) | U46: =AVERAGE(U7:U45) | V46: =AVERAGE(V7:V45) | W46: =AVERAGE(W7:W45) | X46: =AVERAGE(X7:X45) | Y46: =AVERAGE(Y7:Y45) | Z46: =AVERAGE(Z7:Z45) | AA46: =AVERAGE(AA7:AA45) | ... AD46: =AVERAGE(AD7:AD45) | AE46: =AVERAGE(AE7:AE25) | AF46: =AVERAGE(AF7:AF25) | AG46: =AVERAGE(AG7:AG25) | AH46: =AVERAGE(AH7:AH25) | AJ46: =AVERAGE(AJ7:AJ25) | AL46: =AVERAGE(AL7:AL25) | AM46: =AVERAGE(AM7:AM25) | AN46: =AVERAGE(AN7:AN25) | AQ46: =AVERAGE(AQ7:AQ25) | AR46: =AVERAGE(AR7:AR25) | AS46: =AVERAGE(AS7:AS25) | AT46: =AVERAGE(AT7:AT25) | AU46: =AVERAGE(AU7:AU25) | AV46: =AVERAGE(AV7:AV25) | AW46: =AVERAGE(AW7:AW25) | AX46: =AVERAGE(AX7:AX25) | ... BB46: =AVERAGE(BB7:BB25) | BC46: 71.75 | BE46: =AVERAGE(BE7:BE25) | BF46: =AVERAGE(BF7:BF25) | BG46: =AVERAGE(BG7:BG25) | BH46: =AVERAGE(BH7:BH25) | BI46: =AVERAGE(BI7:BI25) | BJ46: =AVERAGE(BJ7:BJ25) | BK46: =AVERAGE(BK7:BK25) | BL46: =AVERAGE(BL7:BL25) | ... EU46: =AVERAGE(EU7:EU25) | EW46: =AVERAGE(EW7:EW25) | EX46: =AVERAGE(EX7:EX25) | EY46: =AVERAGE(EY7:EY25) | EZ46: =AVERAGE(EZ7:EZ25) | FA46: =AVERAGE(FA7:FA25) | FB46: =AVERAGE(FB7:FB25) | FC46: =AVERAGE(FC7:FC25) | FE46: =AVERAGE(FE7:FE25) | FF46: =AVERAGE(FF7:FF25) | FG46: =AVERAGE(FG7:FG25) | FH46: =AVERAGE(FH7:FH25) | FI46: =AVERAGE(FI7:FI25) | FJ46: =AVERAGE(FJ7:FJ25) | FK46: =AVERAGE(FK7:FK25) | FL46: =AVERAGE(FL7:FL25) | ... HT46: =AVERAGE(HT7:HT25) | HV46: =AVERAGE(HV7:HV45) | HW46: =AVERAGE(HW7:HW45) | HX46: =AVERAGE(HX7:HX45) | HY46: =AVERAGE(HY7:HY45) | HZ46: =AVERAGE(HZ7:HZ45) | IA46: =AVERAGE(IA7:IA45) | IB46: =AVERAGE(IB7:IB45) | IC46: =AVERAGE(IC7:IC45) | ... IE46: =AVERAGE(IE7:IE45)

Sheet AI-SP-24
A1: Batch Spring 2025 | BQ1: Attainment of GAs | BR1: Attainment of Graduate Attribute
B2: Sr. No. | D2: Student Name | E2: Semester 4 | AG2: Semester 5
E3: OPERATING SYSTEMS | J3: PROGRAMMING FOR AI | P3: LINEAR ALGEBRA | S3: ANALYSIS OF ALGORITHMS | W3: TECHNICAL & BUSINESS WRITING
E4: CLO 1 | F4: CLO 2 | G4: CLO 3 | H4: CLO | I4: CLO 2 | J4: CLO 1 | K4: CLO 2 | L4: CLO 3 | M4: CLO 4 | N4: CLO1 | O4: CLO 2 | P4: CLO 1 | Q4: CLO 2 | R4: CLO 3 | S4: CLO 1 | T4: CLO 2 | U4: CLO 3 | W4: CLO 1 | X4: CLO 2 | Y4: CLO 3 | BR4: GA1 | BS4: GA2 | BT4: GA3 | BU4: GA4 | BV4: GA5 | BW4: GA6 | BX4: GA7 | BY4: GA8 | BZ4: GA9 | CA4: GA10
E5: Theory | H5: Lab | J5: Theory | N5: Lab | P5: Theory | S5: Theory | W5: Theory
E6: GA 2 | F6: GA 2 | G6: GA 3 | H6: GA 5 | I6: GA 5 | J6: GA2 | K6: GA3 | L6: GA3 | M6: GA3 | N6: GA 1 | O6: GA5 | P6: GA 1 | Q6: GA 1 | R6: GA3 | S6: GA2 | T6: GA3 | U6: GA4 | W6: GA 2 | X6: GA 3 | Y6: GA 3
B7: 1 | C7: 052-24-124020 | D7: ABDULLAH NASIR | P7: 0 | Q7: 40 | R7: 40 | S7: 0 | T7: 0 | U7: 0 | BR7: =AVERAGE(S8,N7) | BS7: =AVERAGE(W7,R7,J7,F7,E7) | BT7: =AVERAGE(G8,K8,L8,M8,R7,T7,X7,Y7,AA7,AB7) | BU7: =AVERAGE(U7) | BV7: =AVERAGE(0)
B8: 2 | C8: 052-24-124021 | D8: MUHAMMAD ALI RAZA | E8: 56 | F8: 91.67 | G8: 80.04 | H8: 74.01 | I8: 74.42 | J8: 85.67 | K8: 87.92 | L8: 92.78 | M8: 103.33 | N8: 90 | O8: 96.36 | P8: 40 | Q8: 20 | R8: 20 | S8: 81.94 | T8: 77.5 | U8: 89.72 | W8: 88.89 | X8: 77.24 | Y8: 90 | BR8: =AVERAGE(S9,N8) | BS8: =AVERAGE(W8,R8,J8,F8,E8) | BT8: =AVERAGE(G9,K9,L9,M9,R8,T8,X8,Y8,AA8,AB8) | BU8: =AVERAGE(U8) | BV8: =AVERAGE(V8,O8,I8,H8)
B9: 3 | C9: 052-24-124024 | D9: KAYNAT BIBI | E9: 55 | F9: 75 | G9: 88.84 | H9: 82.01 | I9: 79.88 | J9: 84.5 | K9: 82.08 | L9: 73.61 | M9: 107.78 | N9: 86.67 | O9: 87.27 | P9: 40 | Q9: 40 | R9: 80 | S9: 79.44 | T9: 70 | U9: 79.72 | W9: 88.33 | X9: 79.24 | Y9: 87.78 | BR9: =AVERAGE(S10,N9) | BS9: =AVERAGE(W9,R9,J9,F9,E9) | BT9: =AVERAGE(G10,K10,L10,M10,R9,T9,X9,Y9,AA9,AB9) | BU9: =AVERAGE(U9) | BV9: =AVERAGE(V9,O9,I9,H9)
B10: 4 | C10: 052-24-124031 | D10: SYED UMAIR HUSSAIN SHAH | E10: 67 | F10: 92.5 | G10: 92.98 | H10: 80.2 | I10: 73.58 | J10: 80.33 | K10: 80.83 | L10: 97.22 | M10: 103.33 | N10: 93.33 | O10: 96.06 | P10: 70 | Q10: 80 | R10: 40 | S10: 90 | T10: 91.25 | U10: 88.33 | W10: 90.56 | X10: 85.81 | Y10: 91.67 | BR10: =AVERAGE(S11,N10) | BS10: =AVERAGE(W10,R10,J10,F10,E10) | BT10: =AVERAGE(G11,K11,L11,M11,R10,T10,X10,Y10,AA10,AB10) | BU10: =AVERAGE(U10) | BV10: =AVERAGE(V10,O10,I10,H10)
B11: 5 | C11: 052-24-124035 | D11: QAIL IJAZ | E11: 77 | F11: 84.17 | G11: 62.13 | H11: 54.11 | I11: 57.76 | J11: 69.45 | K11: 75.42 | L11: 85.56 | M11: 102.22 | N11: 74.87 | O11: 78.18 | P11: 60 | Q11: 60 | R11: 40 | S11: 70.28 | T11: 76.25 | U11: 64.17 | W11: 82.78 | X11: 73.24 | Y11: 83.89 | BR11: =AVERAGE(S12,N11) | BS11: =AVERAGE(W11,R11,J11,F11,E11) | BT11: =AVERAGE(G12,K12,L12,M12,R11,T11,X11,Y11,AA11,AB11) | BU11: =AVERAGE(U11) | BV11: =AVERAGE(V11,O11,I11,H11)
B12: 6 | C12: 052-24-124036 | D12: MAMOON SOHAIL | E12: 67 | F12: 58.33 | G12: 52.76 | H12: 51.72 | I12: 50.79 | J12: 64.76 | K12: 55.42 | L12: 90 | M12: 113.33 | N12: 78.21 | O12: 75.76 | P12: 40 | Q12: 0 | R12: 0 | S12: 51.11 | T12: 63.75 | U12: 83.89 | BR12: =AVERAGE(S13,N12) | BS12: =AVERAGE(W12,R12,J12,F12,E12) | BT12: =AVERAGE(G13,K13,L13,M13,R12,T12,X12,Y12,AA12,AB12) | BU12: =AVERAGE(U12) | BV12: =AVERAGE(V12,O12,I12,H12)
B13: 7 | C13: 052-24-124045 | D13: MALAIKA ZUBAIR | E13: 50 | P13: 0 | Q13: 20 | R13: 0 | S13: 0 | T13: 0 | U13: 0 | BR13: =AVERAGE(S14,N13) | BS13: =AVERAGE(W13,R13,J13,F13,E13) | BT13: =AVERAGE(G14,K14,L14,M14,R13,T13,X13,Y13,AA13,AB13) | BU13: =AVERAGE(U13) | BV13: =AVERAGE(0)
B14: 8 | C14: 052-24-124050 | D14: HAMZA MEHBOOB | E14: 78 | F14: 74.17 | G14: 90.76 | H14: 69.7 | I14: 60.97 | J14: 85.83 | K14: 59.58 | L14: 80.56 | M14: 100 | N14: 83.33 | O14: 80.3 | P14: 30 | Q14: 0 | R14: 0 | S14: 61.39 | T14: 65.83 | U14: 76.11 | W14: 73.89 | X14: 67.9 | Y14: 81.67 | BR14: =AVERAGE(S15,N14) | BS14: =AVERAGE(W14,R14,J14,F14,E14) | BT14: =AVERAGE(G15,K15,L15,M15,R14,T14,X14,Y14,AA14,AB14) | BU14: =AVERAGE(U14) | BV14: =AVERAGE(V14,O14,I14,H14)
B15: 9 | C15: 052-24-124058 | D15: MUSA AKEEL AWAN | E15: 70 | F15: 61.67 | G15: 69.96 | H15: 46.08 | I15: 43.03 | P15: 0 | Q15: 0 | R15: 0 | S15: 51.11 | T15: 68.75 | U15: 67.78 | BR15: =AVERAGE(S16,N15) | BS15: =AVERAGE(W15,R15,J15,F15,E15) | BT15: =AVERAGE(G16,K16,L16,M16,R15,T15,X15,Y15,AA15,AB15) | BU15: =AVERAGE(U15) | BV15: =AVERAGE(V15,O15,I15,H15)
B16: 10 | C16: 052-24-124064 | D16: HIKMAT KHAN | J16: 39.12 | K16: 37.5 | L16: 35.28 | M16: 63.33 | N16: 57.18 | O16: 37.27 | P16: 0 | Q16: 60 | R16: 40 | S16: 0 | T16: 0 | U16: 0 | W16: 73.89 | X16: 76.57 | Y16: 80.56 | BR16: =AVERAGE(S17,N16) | BS16: =AVERAGE(W16,R16,J16,F16,E16) | BT16: =AVERAGE(G17,K17,L17,M17,R16,T16,X16,Y16,AA16,AB16) | BU16: =AVERAGE(U16) | BV16: =AVERAGE(V16,O16,I16,H16)
B17: 11 | C17: 052-24-124074 | D17: MUHAMMAD SUFIAN | E17: 66 | F17: 87.5 | G17: 72.71 | H17: 76.1 | I17: 69.52 | J17: 80.17 | K17: 76.67 | L17: 84.44 | M17: 100 | N17: 87.44 | O17: 78.18 | P17: 50 | Q17: 40 | R17: 40 | S17: 74.44 | T17: 94.58 | U17: 82.22 | W17: 87.78 | X17: 87.81 | Y17: 89.44 | BR17: =AVERAGE(S18,N17) | BS17: =AVERAGE(W17,R17,J17,F17,E17) | BT17: =AVERAGE(G18,K18,L18,M18,R17,T17,X17,Y17,AA17,AB17) | BU17: =AVERAGE(U17) | BV17: =AVERAGE(V17,O17,I17,H17)
B18: 12 | C18: 052-24-124081 | D18: MOOSA IFTIKHAR ABBASI | E18: 64 | F18: 67.5 | G18: 82.71 | H18: 76.44 | I18: 66.3 | J18: 65.67 | K18: 75.83 | L18: 84.17 | M18: 103.33 | N18: 90.51 | O18: 87.88 | P18: 40 | Q18: 0 | R18: 0 | S18: 70.83 | T18: 73.33 | U18: 65 | W18: 85.56 | X18: 80.1 | Y18: 88.89 | BR18: =AVERAGE(S19,N18) | BS18: =AVERAGE(W18,R18,J18,F18,E18) | BT18: =AVERAGE(G19,K19,L19,M19,R18,T18,X18,Y18,AA18,AB18) | BU18: =AVERAGE(U18) | BV18: =AVERAGE(V18,O18,I18,H18)
B19: 13 | C19: 052-24-124087 | D19: HASNAIN MUNIR | E19: 50 | F19: 90.83 | G19: 75.29 | H19: 73.57 | I19: 68.91 | J19: 78.83 | K19: 84.17 | L19: 81.11 | M19: 103.33 | N19: 87.95 | O19: 81.21 | P19: 0 | Q19: 20 | R19: 20 | S19: 80 | T19: 87.92 | U19: 75.83 | W19: 79.44 | X19: 78.76 | Y19: 88.33 | BR19: =AVERAGE(S20,N19) | BS19: =AVERAGE(W19,R19,J19,F19,E19) | BT19: =AVERAGE(G20,K20,L20,M20,R19,T19,X19,Y19,AA19,AB19) | BU19: =AVERAGE(U19) | BV19: =AVERAGE(V19,O19,I19,H19)
B20: 14 | C20: 052-24-124093 | D20: ABDUL AHAD | E20: 67 | F20: 60 | G20: 58 | H20: 71.58 | I20: 65.39 | J20: 63.33 | K20: 57.5 | L20: 80.28 | M20: 96.67 | N20: 85.13 | O20: 84.85 | P20: 30 | Q20: 0 | R20: 0 | S20: 58.89 | T20: 75 | U20: 77.78 | W20: 73.89 | X20: 67.05 | Y20: 80.56 | BR20: =AVERAGE(S21,N20) | BS20: =AVERAGE(W20,R20,J20,F20,E20) | BT20: =AVERAGE(G21,K21,L21,M21,R20,T20,X20,Y20,AA20,AB20) | BU20: =AVERAGE(U20) | BV20: =AVERAGE(V20,O20,I20,H20)
B21: 15 | C21: 052-24-124121 | D21: MUHAMMAD ASIM | P21: 0 | Q21: 0 | R21: 0 | S21: 0 | T21: 0 | U21: 0 | BR21: =AVERAGE(S22,N21) | BS21: =AVERAGE(W21,R21,J21,F21,E21) | BT21: =AVERAGE(G22,K22,L22,M22,R21,T21,X21,Y21,AA21,AB21) | BU21: =AVERAGE(U21) | BV21: =AVERAGE(0)
B22: 16 | C22: 052-24-124129 | D22: ABDULREHMAN SYAF | P22: 0 | Q22: 20 | R22: 40 | S22: 0 | T22: 0 | U22: 0 | BR22: =AVERAGE(S23,N22) | BS22: =AVERAGE(W22,R22,J22,F22,E22) | BT22: =AVERAGE(G23,K23,L23,M23,R22,T22,X22,Y22,AA22,AB22) | BU22: =AVERAGE(U22) | BV22: =AVERAGE(0)
B23: 17 | C23: 052-24-124130 | D23: MUHAMMAD HASNAIN RAEES ABBASI | E23: 78 | F23: 34.17 | G23: 39.69 | H23: 44.13 | I23: 40.3 | J23: 51.64 | K23: 55 | L23: 70 | M23: 100 | N23: 20 | O23: 23.33 | P23: 30 | Q23: 20 | R23: 20 | S23: 67.78 | T23: 61.67 | U23: 87.5 | BR23: =AVERAGE(S24,N23) | BS23: =AVERAGE(W23,R23,J23,F23,E23) | BT23: =AVERAGE(G24,K24,L24,M24,R23,T23,X23,Y23,AA23,AB23) | BU23: =AVERAGE(U23) | BV23: =AVERAGE(V23,O23,I23,H23)
B24: 18 | C24: 052-24-124138 | D24: ALISHBA AFTAB | E24: 77 | F24: 90.83 | G24: 73.87 | H24: 76.27 | I24: 67.15 | J24: 71.5 | K24: 74.17 | L24: 78.61 | M24: 98.89 | N24: 79.23 | O24: 86.06 | P24: 80 | Q24: 0 | R24: 0 | S24: 77.5 | T24: 80.83 | U24: 85.83 | W24: 82.22 | X24: 77.62 | Y24: 85 | BR24: =AVERAGE(S25,N24) | BS24: =AVERAGE(W24,R24,J24,F24,E24) | BT24: =AVERAGE(G25,K25,L25,M25,R24,T24,X24,Y24,AA24,AB24) | BU24: =AVERAGE(U24) | BV24: =AVERAGE(V24,O24,I24,H24)
B25: 19 | C25: 052-24-124146 | D25: MUHAMMAD ABDUL SAMI UL HASSAN | P25: 0 | Q25: 40 | R25: 40 | S25: 0 | T25: 0 | U25: 0 | BR25: =AVERAGE(S26,N25) | BS25: =AVERAGE(W25,R25,J25,F25,E25) | BT25: =AVERAGE(G26,K26,L26,M26,R25,T25,X25,Y25,AA25,AB25) | BU25: =AVERAGE(U25) | BV25: =AVERAGE(0)
B26: 20 | C26: 052-24-124162 | D26: JAWERIA FATIMA | E26: 78 | F26: 87.5 | G26: 94.49 | H26: 82.35 | I26: 79.52 | J26: 90.83 | K26: 87.5 | L26: 87.78 | M26: 116.67 | N26: 90.77 | O26: 92.12 | P26: 60 | Q26: 20 | R26: 20 | S26: 81.67 | T26: 89.17 | U26: 81.67 | W26: 87.78 | X26: 85.81 | Y26: 85 | BR26: =AVERAGE(S27,N26) | BS26: =AVERAGE(W26,R26,J26,F26,E26) | BT26: =AVERAGE(G27,K27,L27,M27,R26,T26,X26,Y26,AA26,AB26) | BU26: =AVERAGE(U26) | BV26: =AVERAGE(V26,O26,I26,H26)
B27: 21 | C27: 052-24-124163 | D27: HASSAM NAWAZ | E27: 69 | F27: 48.33 | G27: 56.58 | H27: 46.37 | I27: 39.58 | J27: 65.81 | K27: 55.42 | L27: 68.89 | M27: 70 | N27: 71.03 | O27: 66.36 | P27: 30 | Q27: 20 | R27: 20 | S27: 54.72 | T27: 68.33 | U27: 66.39 | W27: 79.44 | X27: 74.76 | Y27: 85 | BR27: =AVERAGE(S28,N27) | BS27: =AVERAGE(W27,R27,J27,F27,E27) | BT27: =AVERAGE(G28,K28,L28,M28,R27,T27,X27,Y27,AA27,AB27) | BU27: =AVERAGE(U27) | BV27: =AVERAGE(V27,O27,I27,H27)
B28: 22 | C28: 052-24-124225 | D28: MUSAB UMAIR KHAN | E28: 77 | F28: 70 | G28: 88 | H28: 60 | I28: 70.91 | J28: 70.17 | K28: 80.83 | L28: 77.78 | M28: 100 | N28: 81.54 | O28: 85.45 | P28: 40 | Q28: 0 | R28: 0 | S28: 66.67 | T28: 68.75 | U28: 76.67 | W28: 76.67 | X28: 76.1 | Y28: 87.22 | BR28: =AVERAGE(S29,N28) | BS28: =AVERAGE(W28,R28,J28,F28,E28) | BT28: =AVERAGE(G29,K29,L29,M29,R28,T28,X28,Y28,AA28,AB28) | BU28: =AVERAGE(U28) | BV28: =AVERAGE(V28,O28,I28,H28)
B29: 23 | C29: 052-24-124248 | D29: ABDULLAH BIN QAMAR | P29: 0 | Q29: 40 | R29: 40 | S29: 0 | T29: 0 | U29: 0 | BR29: =AVERAGE(S30,N29) | BS29: =AVERAGE(W29,R29,J29,F29,E29) | BT29: =AVERAGE(G30,K30,L30,M30,R29,T29,X29,Y29,AA29,AB29) | BU29: =AVERAGE(U29) | BV29: =AVERAGE(0)
B30: 24 | C30: 052-24-124259 | D30: SHAKIRA TAJIK | E30: 77 | F30: 78.33 | G30: 91.87 | H30: 77.94 | I30: 73.09 | J30: 84.5 | K30: 90.42 | L30: 89.44 | M30: 116.67 | N30: 85.9 | O30: 89.7 | P30: 40 | Q30: 60 | R30: 60 | S30: 81.67 | T30: 80.83 | U30: 81.94 | W30: 85 | X30: 83.81 | Y30: 85 | BR30: =AVERAGE(S31,N30) | BS30: =AVERAGE(W30,R30,J30,F30,E30) | BT30: =AVERAGE(G31,K31,L31,M31,R30,T30,X30,Y30,AA30,AB30) | BU30: =AVERAGE(U30) | BV30: =AVERAGE(V30,O30,I30,H30)
B31: 25 | C31: 052-24-124265 | D31: ASMA FIZA | E31: 68 | F31: 79.17 | G31: 81.69 | H31: 75.93 | I31: 71.7 | J31: 91 | K31: 84.58 | L31: 87.22 | M31: 113.33 | N31: 86.67 | O31: 90 | P31: 60 | Q31: 80 | R31: 60 | S31: 81.11 | T31: 82.08 | U31: 89.72 | W31: 87.78 | X31: 85.81 | Y31: 86.11 | BR31: =AVERAGE(S32,N31) | BS31: =AVERAGE(W31,R31,J31,F31,E31) | BT31: =AVERAGE(G32,K32,L32,M32,R31,T31,X31,Y31,AA31,AB31) | BU31: =AVERAGE(U31) | BV31: =AVERAGE(V31,O31,I31,H31)
B32: 26 | C32: 052-24-124266 | D32: DANIYAL HUSSAIN | E32: 56 | F32: 90 | G32: 72.27 | H32: 69.36 | I32: 65.64 | J32: 84.17 | K32: 71.67 | L32: 83.61 | M32: 103.33 | N32: 88.46 | O32: 92.12 | P32: 80 | Q32: 0 | R32: 0 | S32: 93.89 | T32: 94.58 | U32: 83.33 | W32: 90.56 | X32: 87.81 | Y32: 90.56 | BR32: =AVERAGE(S33,N32) | BS32: =AVERAGE(W32,R32,J32,F32,E32) | BT32: =AVERAGE(G33,K33,L33,M33,R32,T32,X32,Y32,AA32,AB32) | BU32: =AVERAGE(U32) | BV32: =AVERAGE(V32,O32,I32,H32)
B33: 27 | C33: 052-24-124267 | D33: DANISH ALI | P33: 0 | Q33: 60 | R33: 40 | S33: 62.78 | T33: 71.67 | U33: 65 | BR33: =AVERAGE(S34,N33) | BS33: =AVERAGE(W33,R33,J33,F33,E33) | BT33: =AVERAGE(G34,K34,L34,M34,R33,T33,X33,Y33,AA33,AB33) | BU33: =AVERAGE(U33) | BV33: =AVERAGE(0)
B34: 28 | C34: 052-24-124285 | D34: BASHIR AHMAD | E34: 50 | F34: 74.17 | G34: 79.33 | H34: 46.35 | I34: 43.09 | J34: 63.33 | K34: 62.5 | L34: 86.39 | M34: 106.67 | N34: 78.21 | O34: 78.79 | P34: 50 | Q34: 0 | R34: 0 | S34: 80.56 | T34: 78.33 | U34: 66.94 | W34: 73.89 | X34: 73.24 | Y34: 80 | BR34: =AVERAGE(S35,N34) | BS34: =AVERAGE(W34,R34,J34,F34,E34) | BT34: =AVERAGE(G35,K35,L35,M35,R34,T34,X34,Y34,AA34,AB34) | BU34: =AVERAGE(U34) | BV34: =AVERAGE(V34,O34,I34,H34)
B35: 29 | C35: 052-24-124294 | D35: ABRAR ALI | P35: 0 | Q35: 0 | R35: 0 | S35: 0 | T35: 0 | U35: 0 | BR35: =AVERAGE(S36,N35) | BS35: =AVERAGE(W35,R35,J35,F35,E35) | BT35: =AVERAGE(G36,K36,L36,M36,R35,T35,X35,Y35,AA35,AB35) | BU35: =AVERAGE(U35) | BV35: =AVERAGE(0)
B36: Class Average | E36: =AVERAGE(E7:E25) | F36: =AVERAGE(F7:F25) | G36: =AVERAGE(G7:G35) | H36: =AVERAGE(H7:H35) | I36: =AVERAGE(I7:I35) | J36: =AVERAGE(J7:J25) | K36: =AVERAGE(K7:K25) | L36: =AVERAGE(L7:L25) | M36: =AVERAGE(M7:M25) | N36: =AVERAGE(N7:N25) | O36: =AVERAGE(O7:O25) | P36: =AVERAGE(P7:P25) | Q36: =AVERAGE(Q7:Q25) | ... Y36: =AVERAGE(Y7:Y25) | BR36: =AVERAGE(BR7:BR35) | BS36: =AVERAGE(BS7:BS35) | BT36: =AVERAGE(BT7:BT35) | BU36: =AVERAGE(BU7:BU35) | BV36: =AVERAGE(BV7:BV35) | BW36: =AVERAGE(BW7:BW35) | BX36: =AVERAGE(BX7:BX35) | BY36: =AVERAGE(BY7:BY35) | ... CA36: =AVERAGE(CA7:CA35)
E51: =IF(E22="","",IF(E22<50,"U","S")) | F51: =IF(F22="","",IF(F22<50,"U","S")) | H51: =IF(H22="","",IF(H22<50,"U","S")) | J51: =IF(J22="","",IF(J22<50,"U","S")) | L51: =IF(L22="","",IF(L22<50,"U","S")) | N51: =IF(N22="","",IF(N22<50,"U","S")) | O51: =IF(O22="","",IF(O22<50,"U","S")) | T51: =IF(T22="","",IF(T22<50,"U","S")) | U51: =IF(U22="","",IF(U22<50,"U","S")) | V51: =IF(V22="","",IF(V22<50,"U","S")) | W51: =IF(W22="","",IF(W22<50,"U","S")) | X51: =IF(X22="","",IF(X22<50,"U","S"))
N52: =IF(N23="","",IF(N23<50,"U","S")) | O52: =IF(O23="","",IF(O23<50,"U","S")) | R52: =IF(R23="","",IF(R23<50,"U","S")) | S52: =IF(S23="","",IF(S23<50,"U","S")) | T52: =IF(T23="","",IF(T23<50,"U","S")) | U52: =IF(U23="","",IF(U23<50,"U","S")) | V52: =IF(V23="","",IF(V23<50,"U","S")) | W52: =IF(W23="","",IF(W23<50,"U","S")) | X52: =IF(X23="","",IF(X23<50,"U","S"))
N53: =IF(N24="","",IF(N24<50,"U","S")) | O53: =IF(O24="","",IF(O24<50,"U","S")) | R53: =IF(R24="","",IF(R24<50,"U","S")) | S53: =IF(S24="","",IF(S24<50,"U","S")) | T53: =IF(T24="","",IF(T24<50,"U","S")) | U53: =IF(U24="","",IF(U24<50,"U","S")) | V53: =IF(V24="","",IF(V24<50,"U","S")) | W53: =IF(W24="","",IF(W24<50,"U","S")) | X53: =IF(X24="","",IF(X24<50,"U","S"))
N54: =IF(N25="","",IF(N25<50,"U","S")) | O54: =IF(O25="","",IF(O25<50,"U","S")) | R54: =IF(R25="","",IF(R25<50,"U","S")) | S54: =IF(S25="","",IF(S25<50,"U","S")) | T54: =IF(T25="","",IF(T25<50,"U","S")) | U54: =IF(U25="","",IF(U25<50,"U","S")) | V54: =IF(V25="","",IF(V25<50,"U","S")) | W54: =IF(W25="","",IF(W25<50,"U","S")) | X54: =IF(X25="","",IF(X25<50,"U","S"))
N55: =IF(N26="","",IF(N26<50,"U","S")) | O55: =IF(O26="","",IF(O26<50,"U","S")) | R55: =IF(R26="","",IF(R26<50,"U","S")) | S55: =IF(S26="","",IF(S26<50,"U","S")) | T55: =IF(T26="","",IF(T26<50,"U","S")) | U55: =IF(U26="","",IF(U26<50,"U","S")) | V55: =IF(V26="","",IF(V26<50,"U","S")) | W55: =IF(W26="","",IF(W26<50,"U","S")) | X55: =IF(X26="","",IF(X26<50,"U","S"))
N56: =IF(N27="","",IF(N27<50,"U","S")) | O56: =IF(O27="","",IF(O27<50,"U","S")) | R56: =IF(R27="","",IF(R27<50,"U","S")) | S56: =IF(S27="","",IF(S27<50,"U","S")) | T56: =IF(T27="","",IF(T27<50,"U","S")) | U56: =IF(U27="","",IF(U27<50,"U","S")) | V56: =IF(V27="","",IF(V27<50,"U","S")) | W56: =IF(W27="","",IF(W27<50,"U","S")) | X56: =IF(X27="","",IF(X27<50,"U","S"))
N57: =IF(N28="","",IF(N28<50,"U","S")) | O57: =IF(O28="","",IF(O28<50,"U","S")) | R57: =IF(R28="","",IF(R28<50,"U","S")) | S57: =IF(S28="","",IF(S28<50,"U","S")) | T57: =IF(T28="","",IF(T28<50,"U","S")) | U57: =IF(U28="","",IF(U28<50,"U","S")) | V57: =IF(V28="","",IF(V28<50,"U","S")) | W57: =IF(W28="","",IF(W28<50,"U","S")) | X57: =IF(X28="","",IF(X28<50,"U","S"))
N58: =IF(N29="","",IF(N29<50,"U","S")) | O58: =IF(O29="","",IF(O29<50,"U","S")) | R58: =IF(R29="","",IF(R29<50,"U","S")) | S58: =IF(S29="","",IF(S29<50,"U","S")) | T58: =IF(T29="","",IF(T29<50,"U","S")) | U58: =IF(U29="","",IF(U29<50,"U","S")) | V58: =IF(V29="","",IF(V29<50,"U","S")) | W58: =IF(W29="","",IF(W29<50,"U","S")) | X58: =IF(X29="","",IF(X29<50,"U","S"))
N59: =IF(N30="","",IF(N30<50,"U","S")) | O59: =IF(O30="","",IF(O30<50,"U","S")) | R59: =IF(R30="","",IF(R30<50,"U","S")) | S59: =IF(S30="","",IF(S30<50,"U","S")) | T59: =IF(T30="","",IF(T30<50,"U","S")) | U59: =IF(U30="","",IF(U30<50,"U","S")) | V59: =IF(V30="","",IF(V30<50,"U","S")) | W59: =IF(W30="","",IF(W30<50,"U","S")) | X59: =IF(X30="","",IF(X30<50,"U","S"))
N60: =IF(N31="","",IF(N31<50,"U","S")) | O60: =IF(O31="","",IF(O31<50,"U","S")) | R60: =IF(R31="","",IF(R31<50,"U","S")) | S60: =IF(S31="","",IF(S31<50,"U","S")) | T60: =IF(T31="","",IF(T31<50,"U","S")) | U60: =IF(U31="","",IF(U31<50,"U","S")) | V60: =IF(V31="","",IF(V31<50,"U","S")) | W60: =IF(W31="","",IF(W31<50,"U","S")) | X60: =IF(X31="","",IF(X31<50,"U","S"))
N61: =IF(N32="","",IF(N32<50,"U","S")) | O61: =IF(O32="","",IF(O32<50,"U","S")) | R61: =IF(R32="","",IF(R32<50,"U","S")) | S61: =IF(S32="","",IF(S32<50,"U","S")) | T61: =IF(T32="","",IF(T32<50,"U","S")) | U61: =IF(U32="","",IF(U32<50,"U","S")) | V61: =IF(V32="","",IF(V32<50,"U","S")) | W61: =IF(W32="","",IF(W32<50,"U","S")) | X61: =IF(X32="","",IF(X32<50,"U","S"))
N62: =IF(N33="","",IF(N33<50,"U","S")) | O62: =IF(O33="","",IF(O33<50,"U","S")) | R62: =IF(R33="","",IF(R33<50,"U","S")) | S62: =IF(S33="","",IF(S33<50,"U","S")) | T62: =IF(T33="","",IF(T33<50,"U","S")) | U62: =IF(U33="","",IF(U33<50,"U","S")) | V62: =IF(V33="","",IF(V33<50,"U","S")) | W62: =IF(W33="","",IF(W33<50,"U","S")) | X62: =IF(X33="","",IF(X33<50,"U","S"))
N63: =IF(N34="","",IF(N34<50,"U","S")) | O63: =IF(O34="","",IF(O34<50,"U","S")) | R63: =IF(R34="","",IF(R34<50,"U","S")) | S63: =IF(S34="","",IF(S34<50,"U","S")) | T63: =IF(T34="","",IF(T34<50,"U","S")) | U63: =IF(U34="","",IF(U34<50,"U","S")) | V63: =IF(V34="","",IF(V34<50,"U","S")) | W63: =IF(W34="","",IF(W34<50,"U","S")) | X63: =IF(X34="","",IF(X34<50,"U","S"))
E64: =IF(E35="","",IF(E35<50,"U","S")) | F64: =IF(F35="","",IF(F35<50,"U","S")) | J64: =IF(J35="","",IF(J35<50,"U","S")) | L64: =IF(L35="","",IF(L35<50,"U","S")) | N64: =IF(N35="","",IF(N35<50,"U","S")) | O64: =IF(O35="","",IF(O35<50,"U","S")) | R64: =IF(R35="","",IF(R35<50,"U","S")) | S64: =IF(S35="","",IF(S35<50,"U","S")) | T64: =IF(T35="","",IF(T35<50,"U","S")) | U64: =IF(U35="","",IF(U35<50,"U","S")) | V64: =IF(V35="","",IF(V35<50,"U","S")) | W64: =IF(W35="","",IF(W35<50,"U","S")) | X64: =IF(X35="","",IF(X35<50,"U","S"))
S65: =IF(S36="","",IF(S36<50,"U","S"))

Sheet AI-FA-23
A3: Batch Spring 2025 | B3: Assessment of Spring 2025 GA's | BO3: Attainment of GAs | BP3: Attainment of Graduate Attribute
B4: Sr. No. | D4: Student Name | E4: Semester 1 | Z4: Semester 5 | AZ4: Semester 6
E5: Application of information & Communication Technologies | I5: Applied Physics | M5: Programming Fundamentals | R5: Calculus and Analytic Geometry | U5: Functional English | X5: Islamic Studies | Z5: Artificial Intelligence | AE5: Database Management Systems | AJ5: World Literature | AM5: Continuous and Discreate Optimization | AR5: Data Communication and Computer Network
E6: CLO 1 | F6: CLO 2 | G6: CLO 1 | H6: CLO 2 | I6: CLO 1 | J6: CLO 2 | K6: CLO 1 | L6: CLO 2 | M6: CLO 1 | N6: CLO 2 | O6: CLO 3 | P6: CLO1 | Q6: CLO2 | R6: CLO 1 | S6: CLO 2 | T6: CLO 3 | U6: CLO 1 | V6: CLO 2 | W6: CLO 4 | X6: CLO 1 | Y6: CLO 3 | Z6: CLO 1 | AA6: CLO 2 | AB6: CLO 3 | AC6: CLO 1 | AD6: CLO 2 | AE6: CLO 1 | AF6: CLO 2 | AG6: CLO 3 | AH6: CLO 1 | AI6: CLO 2 | AJ6: CLO 1 | AK6: CLO 2 | AL6: CLO 3 | AM6: CLO 1 | AN6: CLO 2 | AO6: CLO 3 | AP6: CLO 1 | AQ6: CLO 2 | AR6: CLO 1 | AS6: CLO 2 | AT6: CLO 3 | AU6: CLO 1 | AV6: CLO 2 | BP6: GA1 | BQ6: GA2 | BR6: GA3 | BS6: GA4 | BT6: GA5 | BU6: GA6 | BV6: GA7 | BW6: GA8 | BX6: GA9 | BY6: GA10
E7: Theory | G7: Lab | I7: Theory | K7: Lab | M7: Theory | P7: Lab | Z7: Theory | AC7: Lab | AE7: Theory | AH7: Lab | AJ7: Theory | AM7: Theory | AP7: Lab | AR7: Theory | AU7: Lab
E8: GA2 | F8: GA5 | G8: GA2 | H8: GA5 | I8: GA1 | K8: GA1 | M8: GA 1 | N8: GA 2 | O8: GA 4 | P8: GA 1 | Q8: GA 5 | R8: GA1 | U8: GA1 | V8: GA6 | X8: GA10 | Y8: GA2 | Z8: GA2 | AA8: GA5 | AB8: GA4 | AC8: GA1 | AD8: GA5 | AE8: GA2 | AF8: GA5 | AG8: GA3 | AH8: GA1 | AI8: GA4 | AJ8: GA1 | AK8: GA3 | AL8: GA3 | AM8: GA1 | AN8: GA4 | AO8: GA3 | AP8: GA 2 | AQ8: GA 4 | AR8: GA2 | AS8: GA2 | AT8: GA3 | AU8: GA5 | AV8: GA9
B9: 1 | C9: 052-Fa23-232203 | D9: Ayesha khan | Z9: 80 | AA9: 84 | AB9: 76 | AC9: 79.4 | AD9: 71.67 | AE9: 77 | AF9: 78.13 | AG9: 90.67 | AH9: 71.82 | AI9: 80.28 | AJ9: 86.95 | AK9: 83.33 | AL9: 85.83 | AM9: 90 | AN9: 80.67 | AO9: 82.5 | AP9: 94.55 | AQ9: 92.06 | AR9: 72.64 | AS9: 87.94 | AT9: 95 | AU9: 82.64 | AV9: 75 | BP9: =AVERAGE(AM9) | BQ9: =AVERAGE(AR9:AS9,AE9,Z9) | BR9: =AVERAGE(AT9,AO9,AG9) | BS9: =AVERAGE(AN9,AB9) | BT9: =AVERAGE(AF9,AA9) | BY9: =AVERAGE(#REF!)
B10: 2 | C10: 052-FA23-23610 | D10: Waqas Anees | Z10: 72 | AA10: 71 | AB10: 80 | AC10: 80.5 | AD10: 72.5 | AE10: 63.33 | AF10: 78.75 | AG10: 82.67 | AH10: 81.82 | AI10: 83.06 | AJ10: 74.76 | AK10: 81.17 | AL10: 85.83 | AM10: 72.5 | AN10: 70.67 | AO10: 60 | AP10: 78.18 | AQ10: 75.39 | AR10: 61.91 | AS10: 65.56 | AT10: 87.5 | AU10: 77.36 | AV10: 70.83 | BP10: =AVERAGE(AM10) | BQ10: =AVERAGE(AR10:AS10,AE10,Z10) | BR10: =AVERAGE(AT10,AO10,AG10) | BS10: =AVERAGE(AN10,AB10) | BT10: =AVERAGE(AF10,AA10) | BY10: =AVERAGE(#REF!)
B11: 3 | C11: 052-fa23-23621 | D11: AlizaAli | Z11: 62 | AA11: 64 | AB11: 80 | AC11: 77.87 | AD11: 66.67 | AE11: 69.67 | AF11: 75.63 | AG11: 80.67 | AH11: 89.39 | AI11: 85 | AJ11: 87.62 | AK11: 85.33 | AL11: 90 | AM11: 82.5 | AN11: 73 | AO11: 75 | AP11: 78.79 | AQ11: 75.39 | AR11: 81.91 | AS11: 83.17 | AT11: 90 | AU11: 78.06 | AV11: 69.17 | BP11: =AVERAGE(AM11) | BQ11: =AVERAGE(AR11:AS11,AE11,Z11) | BR11: =AVERAGE(AT11,AO11,AG11) | BS11: =AVERAGE(AN11,AB11) | BT11: =AVERAGE(AF11,AA11) | BY11: =AVERAGE(#REF!)
B12: 4 | C12: 052-FA23-23139 | D12: Hifsa Jabeen Satti | Z12: 58 | AA12: 76 | AB12: 64 | AC12: 79.99 | AD12: 73.33 | AE12: 79 | AF12: 84.69 | AG12: 88.67 | AH12: 81.52 | AI12: 79.72 | AJ12: 76.95 | AK12: 74.5 | AL12: 78.33 | AM12: 80 | AN12: 82.33 | AO12: 80 | AP12: 75.4 | AQ12: 75.39 | AR12: 67.33 | AS12: 88.33 | AT12: 92.5 | AU12: 79.72 | AV12: 75 | BP12: =AVERAGE(AM12) | BQ12: =AVERAGE(AR12:AS12,AE12,Z12) | BR12: =AVERAGE(AT12,AO12,AG12) | BS12: =AVERAGE(AN12,AB12) | BT12: =AVERAGE(AF12,AA12) | BY12: =AVERAGE(#REF!)
B13: 5 | C13: 052-23-23206 | D13: Haris Javed | Z13: 66 | AA13: 62 | AB13: 78 | AC13: 72.79 | AD13: 68.33 | AE13: 72 | AF13: 65 | AG13: 80.67 | AH13: 79.7 | AI13: 80.28 | AJ13: 72.29 | AK13: 78.83 | AL13: 85 | AM13: 75 | AN13: 70.33 | AO13: 52.5 | AP13: 77.88 | AQ13: 75.39 | AR13: 64.79 | AS13: 55 | AT13: 80 | AU13: 72.64 | AV13: 63.33 | BP13: =AVERAGE(AM13) | BQ13: =AVERAGE(AR13:AS13,AE13,Z13) | BR13: =AVERAGE(AT13,AO13,AG13) | BS13: =AVERAGE(AN13,AB13) | BT13: =AVERAGE(AF13,AA13) | BY13: =AVERAGE(#REF!)
B14: 6 | C14: 052-23-23238 | D14: Nouman Asghar | Z14: 70 | AA14: 52 | AB14: 74 | AC14: 76.46 | AD14: 70 | AE14: 65 | AF14: 73.13 | AG14: 86.67 | AH14: 69.39 | AI14: 60.56 | AJ14: 77.62 | AK14: 80.67 | AL14: 82.5 | AM14: 77.5 | AN14: 63.33 | AO14: 55 | AP14: 77.88 | AQ14: 76.17 | AR14: 74.51 | AS14: 79.25 | AT14: 63.75 | AU14: 74.17 | AV14: 63.33 | BP14: =AVERAGE(AM14) | BQ14: =AVERAGE(AR14:AS14,AE14,Z14) | BR14: =AVERAGE(AT14,AO14,AG14) | BS14: =AVERAGE(AN14,AB14) | BT14: =AVERAGE(AF14,AA14) | BY14: =AVERAGE(#REF!)
B15: 7 | C15: 052-FA23-23309 | D15: Muhammad Zeeshan | Z15: 72 | AA15: 66 | AB15: 56 | AC15: 30.29 | AD15: 21.67 | AE15: 58.67 | AF15: 60 | AG15: 68 | AH15: 68.18 | AI15: 58.33 | AJ15: 66.1 | AK15: 74.83 | AL15: 78.33 | AM15: 42.5 | AN15: 46 | AO15: 35 | AP15: 59.39 | AQ15: 59.56 | AR15: 42.67 | AS15: 50 | AT15: 52.5 | AU15: 55.56 | AV15: 45 | BP15: =AVERAGE(AM15) | BQ15: =AVERAGE(AR15:AS15,AE15,Z15) | BR15: =AVERAGE(AT15,AO15,AG15) | BS15: =AVERAGE(AN15,AB15) | BT15: =AVERAGE(AF15,AA15) | BY15: =AVERAGE(#REF!)
B16: 8 | C16: 052-fa23-23185 | D16: Manahil Mehmood | Z16: 90 | AA16: 78 | AB16: 96 | AC16: 83.58 | AD16: 71.67 | AE16: 79.67 | AF16: 83.75 | AG16: 86.67 | AH16: 91.52 | AI16: 91.11 | AJ16: 88.95 | AK16: 90.33 | AL16: 92.5 | AM16: 90 | AN16: 85.67 | AO16: 95 | AP16: 94.55 | AQ16: 92.06 | AR16: 79.79 | AS16: 89.44 | AT16: 97.5 | AU16: 90.28 | AV16: 80.83 | BP16: =AVERAGE(AM16) | BQ16: =AVERAGE(AR16:AS16,AE16,Z16) | BR16: =AVERAGE(AT16,AO16,AG16) | BS16: =AVERAGE(AN16,AB16) | BT16: =AVERAGE(AF16,AA16) | BY16: =AVERAGE(#REF!)
B17: 9 | C17: 052-fa23-23027 | D17: Rashid Tariq | Z17: 62 | AA17: 52 | AB17: 44 | AC17: 55.41 | AD17: 50.83 | AE17: 60.67 | AF17: 50 | AG17: 69.33 | AH17: 63.94 | AI17: 77.22 | AJ17: 76.29 | AK17: 74.67 | AL17: 78.33 | AM17: 65 | AN17: 64 | AO17: 55 | AP17: 58.79 | AQ17: 60.78 | AR17: 66.39 | AS17: 71.03 | AT17: 65 | AU17: 63.89 | AV17: 54.17 | BP17: =AVERAGE(AM17) | BQ17: =AVERAGE(AR17:AS17,AE17,Z17) | BR17: =AVERAGE(AT17,AO17,AG17) | BS17: =AVERAGE(AN17,AB17) | BT17: =AVERAGE(AF17,AA17) | BY17: =AVERAGE(#REF!)
B18: 10 | C18: 052-FA23-23031 | D18: MERAJ TUFAIL NAWAZ | Z18: 70 | AA18: 64 | AB18: 70 | AC18: 64.14 | AD18: 50.83 | AE18: 61.33 | AF18: 67.81 | AG18: 70 | AH18: 71.52 | AI18: 76.39 | AJ18: 75.62 | AK18: 74.83 | AL18: 78.33 | AM18: 60 | AN18: 41.67 | AO18: 47.5 | AP18: 60.61 | AQ18: 60.44 | AR18: 53.85 | AS18: 57.54 | AT18: 55 | AU18: 65.42 | AV18: 55 | BP18: =AVERAGE(AM18) | BQ18: =AVERAGE(AR18:AS18,AE18,Z18) | BR18: =AVERAGE(AT18,AO18,AG18) | BS18: =AVERAGE(AN18,AB18) | BT18: =AVERAGE(AF18,AA18) | BY18: =AVERAGE(#REF!)
B19: 11 | C19: 052-fa23-23546 | D19: FEHMINA FAZAL | Z19: 96 | AA19: 76 | AB19: 88 | AC19: 82.55 | AD19: 73.33 | AE19: 90.33 | AF19: 88.75 | AG19: 88.67 | AH19: 91.52 | AI19: 91.94 | AJ19: 84.95 | AK19: 85.67 | AL19: 90 | AM19: 82.5 | AN19: 82.67 | AO19: 80 | AP19: 79.09 | AQ19: 77.33 | AR19: 95.31 | AS19: 89.92 | AT19: 87.5 | AU19: 84.03 | AV19: 75 | BP19: =AVERAGE(AM19) | BQ19: =AVERAGE(AR19:AS19,AE19,Z19) | BR19: =AVERAGE(AT19,AO19,AG19) | BS19: =AVERAGE(AN19,AB19) | BT19: =AVERAGE(AF19,AA19) | BY19: =AVERAGE(#REF!)
B20: 12 | C20: 052-FA23-23245 | D20: Laiba Fardous | Z20: 56 | AA20: 64 | AB20: 40 | AC20: 63.11 | AD20: 60.83 | AE20: 76.67 | AF20: 70 | AG20: 81 | AH20: 77.58 | AI20: 78.61 | AJ20: 77.43 | AK20: 81.17 | AL20: 80.83 | AM20: 72.5 | AN20: 65.67 | AO20: 70 | AP20: 75.76 | AQ20: 75.39 | AR20: 72.36 | AS20: 72.54 | AT20: 75 | AU20: 63.47 | AV20: 50 | BP20: =AVERAGE(AM20) | BQ20: =AVERAGE(AR20:AS20,AE20,Z20) | BR20: =AVERAGE(AT20,AO20,AG20) | BS20: =AVERAGE(AN20,AB20) | BT20: =AVERAGE(AF20,AA20) | BY20: =AVERAGE(#REF!)
... B25: 17 | C25: 052-FA23-23476 | D25: Ihtisham Mujahid | Z25: 86 | AA25: 70 | AB25: 74 | AC25: 59.19 | AD25: 59.17 | AE25: 74 | AF25: 70.63 | AG25: 78.67 | AH25: 0 | AI25: 0 | AJ25: 66.1 | AK25: 79.83 | AL25: 83.33 | AM25: 67.5 | AN25: 57.33 | AO25: 52.5 | AP25: 58.48 | AQ25: 60.44 | AR25: 68.44 | AS25: 57.78 | AT25: 82.5 | AU25: 59 | AV25: 58.33 | BP25: =AVERAGE(AM25) | BQ25: =AVERAGE(AR25:AS25,AE25,Z25) | BR25: =AVERAGE(AT25,AO25,AG25) | BS25: =AVERAGE(AN25,AB25) | BT25: =AVERAGE(AF25,AA25) | BY25: =AVERAGE(#REF!)
B26: 18 | C26: 052-FA23-23350 | D26: Roshaan Parvaiz | AH26: 0 | AI26: 0 | AU26: 0 | AV26: 0 | BP26: 0 | BY26: =AVERAGE(#REF!)
B27: 19 | C27: 052-FA23-23345 | D27: Rakhiyal Shah | Z27: 42 | AA27: 54 | AB27: 50 | AC27: 43.64 | AD27: 24.17 | AE27: 58 | AF27: 65 | AG27: 68 | AH27: 75.45 | AI27: 78.33 | AJ27: 72.76 | AK27: 77.33 | AL27: 78.33 | AR27: 56.08 | AS27: 46.39 | AT27: 48.75 | AU27: 55.97 | AV27: 47.5 | BP27: 0 | BQ27: =AVERAGE(AR27:AS27,AE27,Z27) | BR27: =AVERAGE(AT27,AO27,AG27) | BS27: =AVERAGE(AN27,AB27) | BT27: =AVERAGE(AF27,AA27) | BY27: =AVERAGE(#REF!)
B28: 20 | C28: 052-FA23-23228 | D28: Wajahat Ali | Z28: 64 | AA28: 42 | AB28: 36 | AC28: 36.9 | AD28: 18.33 | AE28: 60.67 | AF28: 60 | AG28: 69.67 | AH28: 0 | AI28: 0 | AJ28: 63.9 | AK28: 74.83 | AL28: 78.33 | AP28: 64.24 | AQ28: 66.28 | AU28: 46.39 | AV28: 36.67 | BP28: 0 | BQ28: =AVERAGE(AR28:AS28,AE28,Z28) | BR28: =AVERAGE(AT28,AO28,AG28) | BS28: =AVERAGE(AN28,AB28) | BT28: =AVERAGE(AF28,AA28) | BY28: =AVERAGE(#REF!)
B29: 21 | C29: 052-FA23-23076 | D29: Muhammad Ahmed Gulzar | Z29: 72 | AA29: 78 | AB29: 80 | AC29: 41.5 | AD29: 29.17 | AE29: 56 | AF29: 54.38 | AG29: 69 | AH29: 77.58 | AI29: 81.94 | AJ29: 81.81 | AK29: 77.33 | AL29: 83.33 | AP29: 58.48 | AQ29: 60.44 | AR29: 57.67 | AS29: 46.59 | AT29: 77.5 | AU29: 57.36 | AV29: 48.33 | BP29: 0 | BQ29: =AVERAGE(AR29:AS29,AE29,Z29) | BR29: =AVERAGE(AT29,AO29,AG29) | BS29: =AVERAGE(AN29,AB29) | BT29: =AVERAGE(AF29,AA29) | BY29: =AVERAGE(#REF!)
B30: 22 | C30: 052-FA23-23079 | D30: Muhammad Umair | Z30: 0 | AA30: 0 | AB30: 0 | AC30: 63.04 | AD30: 60 | AE30: 57.33 | AF30: 57.5 | AG30: 72 | AH30: 78.79 | AI30: 81.39 | AJ30: 68.76 | AK30: 74.83 | AL30: 85 | AM30: 70 | AN30: 62 | AO30: 60 | AP30: 71.52 | AQ30: 74.28 | AR30: 46.67 | AS30: 52.22 | AT30: 62.5 | AU30: 83.61 | AV30: 75 | BP30: =AVERAGE(AM30) | BQ30: =AVERAGE(AR30:AS30,AE30,Z30) | BR30: =AVERAGE(AT30,AO30,AG30) | BS30: =AVERAGE(AN30,AB30) | BT30: =AVERAGE(AF30,AA30) | BY30: =AVERAGE(#REF!)
B31: 23 | C31: 052-FA23-23034 | D31: Farhan Saleem | Z31: 92 | AA31: 76 | AB31: 94 | AC31: 73.82 | AD31: 66.67 | AE31: 74 | AF31: 70.63 | AG31: 82.67 | AH31: 91.82 | AI31: 91.11 | AJ31: 78.29 | AK31: 81.33 | AL31: 83.33 | AM31: 85 | AN31: 80.67 | AO31: 85 | AP31: 92.73 | AQ31: 90.11 | AR31: 82.26 | AS31: 76.98 | AT31: 87.5 | AU31: 77.22 | AV31: 70 | BP31: =AVERAGE(AM31) | BQ31: =AVERAGE(AR31:AS31,AE31,Z31) | BR31: =AVERAGE(AT31,AO31,AG31) | BS31: =AVERAGE(AN31,AB31) | BT31: =AVERAGE(AF31,AA31) | BY31: =AVERAGE(#REF!)
B32: 24 | C32: 052-FA23-23035 | D32: Muhammad Yousaf | Z32: 88 | AA32: 86 | AB32: 74 | AC32: 87.24 | AD32: 75 | AE32: 76.33 | AF32: 75 | AG32: 83.33 | AH32: 92.42 | AI32: 90.56 | AJ32: 80.29 | AK32: 79.83 | AL32: 80.83 | AM32: 95 | AN32: 84.67 | AO32: 92.5 | AP32: 92.73 | AQ32: 93.44 | AR32: 80.31 | AS32: 66.27 | AT32: 97.5 | AU32: 89.44 | AV32: 80.83 | BP32: =AVERAGE(AM32) | BQ32: =AVERAGE(AR32:AS32,AE32,Z32) | BR32: =AVERAGE(AT32,AO32,AG32) | BS32: =AVERAGE(AN32,AB32) | BT32: =AVERAGE(AF32,AA32) | BY32: =AVERAGE(#REF!)
B33: 25 | C33: 052-FA23-23047 | D33: Muhammad Ahmar Daud | Z33: 92 | AA33: 78 | AB33: 94 | AC33: 74.33 | AD33: 68.33 | AE33: 78.33 | AF33: 73.13 | AG33: 77 | AH33: 91.21 | AI33: 91.94 | AJ33: 73.43 | AK33: 82.5 | AL33: 80.83 | AM33: 85 | AN33: 82.33 | AO33: 77.5 | AP33: 94.24 | AQ33: 91.78 | AR33: 74.17 | AS33: 58.97 | AT33: 82.5 | AU33: 74.58 | AV33: 66.67 | BP33: =AVERAGE(AM33) | BQ33: =AVERAGE(AR33:AS33,AE33,Z33) | BR33: =AVERAGE(AT33,AO33,AG33) | BS33: =AVERAGE(AN33,AB33) | BT33: =AVERAGE(AF33,AA33) | BY33: =AVERAGE(#REF!)
B34: 26 | C34: 052-FA23-23177 | D34: Ehtasham Khan Niazi | Z34: 28 | AA34: 20 | AB34: 8 | AC34: 0 | AD34: 0 | AE34: 0 | AF34: 0 | AG34: 0 | AH34: 0 | AI34: 0 | AU34: 0 | AV34: 0 | BP34: 0 | BQ34: =AVERAGE(AR34:AS34,AE34,Z34) | BS34: =AVERAGE(AN34,AB34) | BT34: =AVERAGE(AF34,AA34)
B35: 27 | C35: 052-FA23-23141 | D35: Syed Haider Ali | Z35: 58 | AA35: 48 | AB35: 20 | AC35: 29.69 | AD35: 26.67 | AE35: 50.67 | AF35: 53.13 | AG35: 58 | AH35: 64.85 | AI35: 70.56 | AJ35: 64.1 | AK35: 73.5 | AL35: 80.83 | AM35: 45 | AN35: 50 | AO35: 25 | AP35: 59.7 | AQ35: 61.22 | AR35: 32.36 | AS35: 33.33 | AT35: 10 | AU35: 53.75 | AV35: 44.17 | BP35: =AVERAGE(AM35) | BQ35: =AVERAGE(AR35:AS35,AE35,Z35) | BR35: =AVERAGE(AT35,AO35,AG35) | BS35: =AVERAGE(AN35,AB35) | BT35: =AVERAGE(AF35,AA35) | BY35: =AVERAGE(#REF!)
B36: Class Average | E36: =AVERAGE(E9:E27) | F36: =AVERAGE(F9:F27) | G36: =AVERAGE(G9:G27) | H36: =AVERAGE(H9:H27) | I36: =AVERAGE(I9:I27) | J36: =AVERAGE(J9:J27) | K36: =AVERAGE(K9:K27) | M36: =AVERAGE(M9:M27) | N36: =AVERAGE(N9:N27) | O36: =AVERAGE(O9:O27) | P36: =AVERAGE(P9:P27) | Q36: =AVERAGE(Q9:Q27) | R36: =AVERAGE(R9:R27) | S36: =AVERAGE(S9:S27) | T36: =AVERAGE(T9:T27) | ... Y36: =AVERAGE(Y9:Y27) | Z36: =AVERAGE(Z9:Z35) | AA36: =AVERAGE(AA9:AA35) | AB36: =AVERAGE(AB9:AB35) | AC36: =AVERAGE(AC9:AC35) | AD36: =AVERAGE(AD9:AD35) | AE36: =AVERAGE(AE9:AE35) | AF36: =AVERAGE(AF9:AF35) | AG36: =AVERAGE(AG9:AG35) | ... AV36: =AVERAGE(AV9:AV35) | BP36: =AVERAGE(BP9:BP35) | BQ36: =AVERAGE(BQ9:BQ35) | BR36: =AVERAGE(BR9:BR35) | BS36: =AVERAGE(BS9:BS35) | BT36: =AVERAGE(BT9:BT35) | BY36: =AVERAGE(BY9:BY35)
AL37: =IF(AL9="","",IF(AL9<50,"U","S"))
AL38: =IF(AL10="","",IF(AL10<50,"U","S"))
AL39: =IF(AL11="","",IF(AL11<50,"U","S"))
AL40: =IF(AL12="","",IF(AL12<50,"U","S"))
AL41: =IF(AL13="","",IF(AL13<50,"U","S"))
AL42: =IF(AL14="","",IF(AL14<50,"U","S"))
AL43: =IF(AL15="","",IF(AL15<50,"U","S"))
AL44: =IF(AL16="","",IF(AL16<50,"U","S"))
AL45: =IF(AL17="","",IF(AL17<50,"U","S"))
AL46: =IF(AL18="","",IF(AL18<50,"U","S"))
AL47: =IF(AL19="","",IF(AL19<50,"U","S"))
AL48: =IF(AL20="","",IF(AL20<50,"U","S"))
... AL56: =IF(AL28="","",IF(AL28<50,"U","S"))

Sheet AI-SP-23
A1: Batch Fall 2018 | E1: Assessment of Fall 2025 GA's | EE1: Attainment of GAs | EF1: Attainment of Graduate Attribute
B2: Sr. No. | D2: Student Name | E2: Semester 5 | AE2: Semester 6 | AP2: Semester 6 | BS2: Semester 7 | CY2: Semester - 8
E3: Machine Learning | J3: Computer Vision | O3: Acedemic Writing | T3: Data Visualization | Y3: Parallel and Distributed Computing | AQ3: Parallel and Distributed Computing | BA3: Parallel and Distributed Computing | BG3: Academic & Professional Writing | BJ3: Logical And Automated Reasoning | BM3: Data Visualization | BS3: Artificial Intelligence | BX3: Philosophy and Critical Thinking | BZ3: Natural Language Processing | CE3: Final Year Project - I | CQ3: Logical And Automated Reasoning | CU3: Philosophy and Critical Thinking | CY3: Deep Learning | DD3: Artificial Intelligence for Robotics | DI3: Sociology | DL3: Ethics and Social Responsibility | DO3: Big Data Analysis | DS3: Final Year Project - II
E4: CLO1 | F4: CLO2 | G4: CLO 3 | H4: CLO 1 | I4: CLO 2 | J4: CLO 1 | K4: CLO 2 | L4: CLO 3 | M4: CLO 1 | N4: CLO 2 | O4: CLO1 | P4: CLO2 | Q4: CLO3 | R4: CLO4 | T4: CLO1 | U4: CLO2 | W4: CLO1 | X4: CLO2 | Y4: CLO1 | Z4: CLO2 | AA4: CLO3 | AQ4: CLO1 | AR4: CLO2 | AS4: CLO3 | AY4: CLO5 | AZ4: CLO6 | BA4: CLO1 | BB4: CLO 2 | BC4: CLO 3 | BD4: CLO 4 | BF4: CLO3 | BG4: CLO1 | BH4: CLO2 | BI4: CLO7 | BJ4: CLO1 | BK4: CLO2 | BL4: CLO3 | BM4: CLO1 | BN4: CLO2 | BO4: CLO3 | BP4: CLO4 | BQ4: CLO 1 | BR4: CLO 2 | BS4: CLO1 | BT4: CLO2 | BU4: CLO 3 | BV4: CLO 1 | BW4: CLO 2 | BX4: CLO1 | BY4: CLO2 | BZ4: CLO1 | CA4: CLO2 | CB4: CLO3 | CC4: CLO 1 | CD4: CLO 2 | CE4: R1 | CF4: R2 | CG4: R3 | CH4: R4 | CI4: R5 | CJ4: R6 | CK4: R7 | CL4: R8 | CM4: R9 | CN4: R10 | CO4: R11 | CP4: R12 | CQ4: CLO 1 | CR4: CLO 2 | CS4: CLO 3 | CT4: CLO 4 | CY4: CLO1 | CZ4: CLO 2 | DA4: CLO 3 | DB4: CLO 1 | DC4: CLO 2 | DD4: CLO1 | DE4: CLO2 | DF4: CLO3 | DG4: CLO 1 | DH4: CLO 2 | DI4: CLO1 | DJ4: CLO2 | DK4: CLO3 | DL4: CLO1 | DM4: CLO2 | DN4: CLO3 | DO4: CLO 1 | DP4: CLO 2 | DQ4: CLO 3 | DS4: R1 | DT4: R2 | DU4: R3 | DV4: R4 | DW4: R5 | DX4: R6 | DY4: R7 | DZ4: R8 | EA4: R9 | EB4: R10 | EC4: R11 | ED4: R12 | EF4: GA1 | EG4: GA2 | EH4: GA3 | EI4: GA4 | EJ4: GA5 | EK4: GA6 | EL4: GA7 | EM4: GA8 | EN4: GA9 | EO4: GA10
E5: Theory | H5: Lab | J5: Theory | N5: Lab | O5: Theory | T5: Theory | W5: Lab | Z5: Theory | AR5: Theory | BA5: Theory | BE5: Lab | BJ5: Theory | BM5: Theory | BQ5: Lab | BS5: Theory | BV5: Lab | BZ5: Theory | CC5: Lab | CY5: Theory | DB5: Lab | DD5: Theory | DG5: Lab
E6: GA 1 | F6: GA 3 | G6: GA 3 | H6: GA 3 | I6: GA 4 | J6: GA 2 | K6: GA 4 | L6: GA 5 | M6: GA2 | N6: GA 6 | O6: GA 1 | P6: GA 7 | Q6: GA 8 | R6: GA 8 | T6: GA 1 | U6: GA 4 | W6: GA 1 | X6: GA 4 | Y6: GA 1 | Z6: GA 4 | AA6: GA 4 | AQ6: GA 1 | AR6: GA 4 | AS6: GA 4 | AY6: PLO8 | AZ6: PLO10 | BA6: GA 1 | BB6: GA 2 | BC6: GA 3 | BD6: GA 4 | BG6: GA 1 | BH6: GA 7 | BI6: GA 8 | BJ6: GA 1 | BK6: GA 2 | BL6: GA 9 | BM6: GA2 | BN6: GA 2 | BO6: GA 3 | BP6: GA 5 | BQ6: GA 3 | BR6: GA 4 | BS6: GA 1 | BT6: GA 2 | BU6: GA 3 | BV6: GA 4 | BW6: GA 5 | BX6: PLO4 | BY6: PLO5 | BZ6: GA 1 | CA6: GA 2 | CB6: GA 3 | CC6: GA 1 | CD6: GA 3 | CE6: GA1 | CF6: GA2 | CG6: GA3 | CH6: GA4 | CI6: GA5 | CJ6: GA6 | CK6: GA7 | CL6: GA8 | CM6: GA9 | CN6: GA10 | CO6: GA11 | CP6: GA12 | CY6: GA 1 | CZ6: GA 3 | DB6: GA 1 | DC6: GA 3 | DD6: GA 1 | DE6: GA 2 | DF6: GA 5 | DG6: GA 5 | DI6: PLO1 | DL6: PLO1 | DM6: PLO2 | DN6: PLO5 | DS6: GA1 | DT6: GA2 | DU6: GA3 | DV6: GA4 | DW6: GA5 | DX6: GA6 | DY6: GA7 | DZ6: GA8 | EA6: GA9 | EB6: GA10 | EC6: GA11 | ED6: GA12
B7: 1 | C7: 052-sp23-22058 | D7: Syed Akbar Ali | E7: 80.07 | F7: 72 | G7: 78.1 | H7: 91.82 | J7: 70 | K7: 84 | L7: 98.81 | M7: 83.47 | N7: 86.67 | O7: 84 | P7: 88 | Q7: 86.67 | R7: 0 | T7: 80.33 | U7: 88.46 | W7: 80.33 | X7: 88.46 | Y7: 73.61 | Z7: 81.64 | AA7: 90 | AQ7: 73.61 | AR7: 81.64 | AS7: 90 | EF7: =AVERAGE(Y7,W7,T7,O7,J7) | EG7: =AVERAGE(70) | EH7: =AVERAGE(F7:H7) | EI7: =AVERAGE(U7,K7,X7,Z7,AA7) | EJ7: =AVERAGE(L7)
B8: 2 | C8: 052-sp23-22274 | D8: Muhammad umer saeed | E8: 58.13 | F8: 69.25 | G8: 64.76 | H8: 89.69 | J8: 56 | K8: 68 | L8: 76.43 | M8: 67.57 | N8: 72.08 | O8: 72 | P8: 71.33 | Q8: 100 | R8: 100 | T8: 65.67 | U8: 64.36 | W8: 83.33 | X8: 92.61 | Y8: 75 | Z8: 78.33 | AQ8: 75 | AR8: 78.33 | EF8: =AVERAGE(Y8,W8,T8,O8,J8) | EG8: 56 | EH8: =AVERAGE(F8:H8) | EI8: =AVERAGE(U8,K8,X8,Z8,AA8) | EJ8: =AVERAGE(L8)
B9: 3 | C9: 052-sp23-22123 | D9: Daniyal Tariq | E9: 60 | F9: 58.75 | G9: 67.14 | H9: 67.73 | J9: 67.75 | K9: 46 | L9: 58.1 | M9: 45.69 | N9: 48.13 | O9: 68 | P9: 60 | Q9: 100 | R9: 100 | T9: 79.33 | U9: 58.72 | W9: 83.41 | X9: 91.03 | Y9: 71.67 | Z9: 68.33 | AQ9: 71.67 | AR9: 68.33 | EF9: =AVERAGE(Y9,W9,T9,O9,J9) | EG9: 67.75 | EH9: =AVERAGE(F9:H9) | EI9: =AVERAGE(U9,K9,X9,Z9,AA9) | EJ9: =AVERAGE(L9)
B10: 4 | C10: 052-sp23-22036 | D10: Zain Ul Abideen | E10: 65 | F10: 63.25 | G10: 61.43 | H10: 78.18 | J10: 75 | K10: 44 | L10: 30.71 | M10: 47.15 | N10: 47.92 | O10: 76 | P10: 77.33 | Q10: 100 | R10: 100 | T10: 76.33 | U10: 71.28 | W10: 76.33 | X10: 71.28 | Y10: 73.06 | Z10: 64.4 | AA10: 75 | AQ10: 73.06 | AR10: 64.4 | AS10: 75 | EF10: =AVERAGE(Y10,W10,T10,O10,J10) | EG10: 75 | EH10: =AVERAGE(F10:H10) | EI10: =AVERAGE(U10,K10,X10,Z10,AA10) | EJ10: =AVERAGE(L10)
B11: 5 | C11: 052-sp23-22264 | D11: Faraz Ahmed Shakoor | E11: 74.62 | F11: 81.25 | G11: 86.19 | H11: 92.73 | J11: 75.5 | K11: 88 | L11: 98.81 | M11: 71.88 | N11: 72.71 | O11: 86 | P11: 79.33 | Q11: 100 | R11: 100 | T11: 90.33 | U11: 84.87 | W11: 90.33 | X11: 84.87 | Y11: 90 | Z11: 88.33 | AQ11: 90 | AR11: 88.33 | EF11: =AVERAGE(Y11,W11,T11,O11,J11) | EG11: 75.5 | EH11: =AVERAGE(F11:H11) | EI11: =AVERAGE(U11,K11,X11,Z11,AA11) | EJ11: =AVERAGE(L11)
B12: 6 | C12: 052-sp23-22164 | D12: Salman Anwar | E12: 64.62 | F12: 68.25 | G12: 70.48 | H12: 68.48 | J12: 52.5 | K12: 54 | L12: 64.05 | M12: 46.25 | N12: 49.79 | O12: 84 | P12: 74 | Q12: 100 | R12: 100 | T12: 72.67 | U12: 65.13 | W12: 73.33 | X12: 87.45 | Y12: 76.94 | Z12: 67.86 | AA12: 77.5 | AQ12: 76.94 | AR12: 67.86 | AS12: 77.5 | EF12: =AVERAGE(Y12,W12,T12,O12,J12) | EG12: 52.5 | EH12: =AVERAGE(F12:H12) | EI12: =AVERAGE(U12,K12,X12,Z12,AA12) | EJ12: =AVERAGE(L12)
B13: 7 | C13: 052-sp23-22114 | D13: Nayyab Taj | E13: 0 | F13: 0 | G13: 0 | H13: 85.76 | J13: 0 | K13: 0 | L13: 0 | M13: 0 | N13: 0 | O13: 0 | P13: 0 | Q13: 0 | R13: 0 | T13: 0 | U13: 0 | W13: 57.27 | X13: 78.18 | Y13: 0 | Z13: 0 | AA13: 0 | AQ13: 0 | AR13: 0 | AS13: 0 | EF13: =AVERAGE(Y13,W13,T13,O13,J13) | EG13: 0 | EH13: =AVERAGE(F13:H13) | EI13: =AVERAGE(U13,K13,X13,Z13,AA13) | EJ13: =AVERAGE(L13)
B14: 8 | C14: 052-sp23-22341 | D14: Muhammad Usman | E14: 0 | F14: 0 | G14: 0 | H14: 84.85 | J14: 0 | K14: 0 | L14: 0 | M14: 0 | N14: 0 | O14: 0 | P14: 0 | Q14: 0 | R14: 0 | T14: 0 | U14: 0 | W14: 57.27 | X14: 78.18 | Y14: 0 | Z14: 0 | AA14: 0 | AQ14: 0 | AR14: 0 | AS14: 0 | EF14: =AVERAGE(Y14,W14,T14,O14,J14) | EG14: 0 | EH14: =AVERAGE(F14:H14) | EI14: =AVERAGE(U14,K14,X14,Z14,AA14) | EJ14: =AVERAGE(L14)
B15: 9 | C15: 052-sp23-22050 | D15: Abu bakar | E15: 53.89 | F15: 76 | G15: 65.71 | H15: 67.73 | J15: 29 | K15: 30 | L15: 30.95 | M15: 46.74 | N15: 43.33 | O15: 76 | P15: 66.67 | Q15: 100 | R15: 100 | T15: 75.67 | U15: 72.82 | W15: 75.67 | X15: 72.82 | Y15: 74.72 | Z15: 75.3 | AA15: 82.5 | AQ15: 74.72 | AR15: 75.3 | AS15: 82.5 | EF15: =AVERAGE(Y15,W15,T15,O15,J15) | EG15: 29 | EH15: =AVERAGE(F15:H15) | EI15: =AVERAGE(U15,K15,X15,Z15,AA15) | EJ15: =AVERAGE(L15)
B16: 10 | C16: 052-sp23-22100 | D16: Saif Ullah Naseer | E16: 58.06 | F16: 68.5 | G16: 68.57 | H16: 63.03 | J16: 47.75 | K16: 60 | L16: 98.81 | M16: 46.94 | N16: 55.42 | O16: 70 | P16: 66.67 | Q16: 100 | R16: 100 | T16: 68 | U16: 57.95 | W16: 68 | X16: 81.7 | Y16: 76.11 | Z16: 73.99 | AA16: 80 | AQ16: 76.11 | AR16: 73.99 | AS16: 80 | EF16: =AVERAGE(Y16,W16,T16,O16,J16) | EG16: 47.75 | EH16: =AVERAGE(F16:H16) | EI16: =AVERAGE(U16,K16,X16,Z16,AA16) | EJ16: =AVERAGE(L16)
B17: 11 | C17: 052-sp23-22033 | D17: Saad Mehmood Abbasi | E17: 63.54 | F17: 67 | G17: 63.33 | J17: 51.75 | K17: 44 | L17: 54.52 | M17: 47.57 | N17: 52.5 | O17: 74 | P17: 58 | Q17: 100 | R17: 100 | T17: 66 | U17: 68.72 | W17: 66.33 | X17: 68.72 | Y17: 78.61 | Z17: 69.05 | AA17: 90 | AQ17: 78.61 | AR17: 69.05 | AS17: 90 | EF17: =AVERAGE(Y17,W17,T17,O17,J17) | EG17: 51.75 | EH17: =AVERAGE(F17:H17) | EI17: =AVERAGE(U17,K17,X17,Z17,AA17) | EJ17: =AVERAGE(L17)
B18: 12 | C18: 052-sp23-22126 | D18: Ali Hassan | E18: 78.68 | F18: 80.75 | G18: 86.67 | H18: 87.73 | J18: 70.25 | K18: 92 | L18: 98.81 | M18: 86.18 | N18: 85.42 | O18: 78 | P18: 91.33 | Q18: 96.67 | R18: 100 | T18: 90 | U18: 89.49 | W18: 92.42 | X18: 94.79 | Y18: 83.89 | Z18: 79.45 | AA18: 92.5 | AQ18: 83.89 | AR18: 79.45 | AS18: 92.5 | EF18: =AVERAGE(Y18,W18,T18,O18,J18) | EG18: 70.25 | EH18: =AVERAGE(F18:H18) | EI18: =AVERAGE(U18,K18,X18,Z18,AA18) | EJ18: =AVERAGE(L18)
B19: 13 | C19: 052-sp23-22016 | D19: M. Fasih Ur Rehman | E19: 75.35 | F19: 79.5 | G19: 81.43 | H19: 86.36 | J19: 93 | K19: 74 | L19: 70.48 | M19: 47.99 | N19: 50.83 | O19: 82 | P19: 87.33 | Q19: 100 | R19: 100 | T19: 83.67 | U19: 82.05 | W19: 83.67 | X19: 82.05 | Y19: 66.94 | Z19: 79.61 | AA19: 82.5 | AQ19: 66.94 | AR19: 79.61 | AS19: 82.5 | EF19: =AVERAGE(Y19,W19,T19,O19,J19) | EG19: 93 | EH19: =AVERAGE(F19:H19) | EI19: =AVERAGE(U19,K19,X19,Z19,AA19) | EJ19: =AVERAGE(L19)
B20: 14 | C20: 052-23-122004 | D20: Khubaib Ashraf | E20: 63.61 | F20: 75.5 | G20: 77.14 | H20: 88.64 | J20: 71 | K20: 82 | L20: 100 | M20: 82.71 | N20: 87.5 | O20: 76 | P20: 58.67 | Q20: 100 | R20: 100 | T20: 76 | U20: 74.87 | W20: 76 | X20: 74.86 | Y20: 81..39 | Z20: 72.59 | AA20: 82.5 | AQ20: 81..39 | AR20: 72.59 | AS20: 82.5 | EF20: =AVERAGE(Y20,W20,T20,O20,J20) | EG20: 71 | EH20: =AVERAGE(F20:H20) | EI20: =AVERAGE(U20,K20,X20,Z20,AA20) | EJ20: =AVERAGE(L20)
B21: Class Average | E21: =AVERAGE(E7:E13) | F21: =AVERAGE(F7:F13) | G21: =AVERAGE(G7:G13) | H21: =AVERAGE(H7:H13) | J21: =AVERAGE(J7:J13) | K21: =AVERAGE(K7:K13) | L21: =AVERAGE(L7:L13) | M21: =AVERAGE(M7:M13) | N21: =AVERAGE(N7:N13) | O21: =AVERAGE(O7:O13) | P21: =AVERAGE(P7:P13) | Q21: =AVERAGE(Q7:Q13) | ... AA21: =AVERAGE(AA7:AA13) | AQ21: =AVERAGE(AQ7:AQ13) | AR21: =AVERAGE(AR7:AR13) | AS21: =AVERAGE(AS7:AS13) | AY21: =AVERAGE(AY7:AY13) | AZ21: =AVERAGE(AZ7:AZ13) | BA21: =AVERAGE(BA7:BA13) | BB21: =AVERAGE(BB7:BB13) | BC21: =AVERAGE(BC7:BC13) | BD21: =AVERAGE(BD7:BD13) | BE21: =AVERAGE(BE7:BE13) | BG21: =AVERAGE(BG7:BG13) | BH21: =AVERAGE(BH7:BH13) | BI21: =AVERAGE(BI7:BI13) | BJ21: =AVERAGE(BJ7:BJ13) | BK21: =AVERAGE(BK7:BK13) | BL21: =AVERAGE(BL7:BL13) | BM21: =AVERAGE(BM7:BM13) | BO21: =AVERAGE(BO7:BO13) | BP21: =AVERAGE(BP7:BP13) | BQ21: =AVERAGE(BQ7:BQ13) | BR21: =AVERAGE(BR7:BR13) | BS21: =AVERAGE(BS7:BS13) | BT21: =AVERAGE(BT7:BT13) | BU21: =AVERAGE(BU7:BU13) | BV21: =AVERAGE(BV7:BV13) | ... ED21: =AVERAGE(ED7:ED13) | EF21: =AVERAGE(EF7:EF20) | EG21: =AVERAGE(EG7:EG20) | EH21: =AVERAGE(EH7:EH20) | EI21: =AVERAGE(EI7:EI20) | EJ21: =AVERAGE(EJ7:EJ20)
AA23: =IF(AA8="","",IF(AA8<50,"U","S"))
AA24: =IF(AA9="","",IF(AA9<50,"U","S"))
AA35: =IF(AA20="","",IF(AA20<50,"U","S"))

Sheet AI-FA-22
A1: AI-FA-22 | GD1: Attainment of GAs | GE1: Attainment of Graduate Attribute
B2: Sr. No. | D2: Student Name | E2: Semester 1 | Z2: Semester 2 | AX2: Semester 3 | BS2: Semester 4 | CN2: Semester 7 | EX2: Semester - 8
E3: Application of information & Communication Technologies | I3: Applied Physics | M3: Programming Fundamentals | R3: Calculus and Analytic Geometry | U3: Functional English | X3: Islamic Studies | Z3: Expository Writing | AC3: Object Oriented Programming | AI3: Discreate Structures | AL3: Ideology and Constitution of Pakistan | AP3: Digital Logic Design | AU3: Multi Variable Calculus | AX3: Data Structures | BA3: Computer Organization & Assembly Language | BD3: Introduction to Artificial Intelligence | BG3: Computer Network | BL3: Probability & Statistics | BS3: Design Analysis of Algorithms | BY3: Data Structures and Algorithms | CC3: Applied Statistics | CH3: Software Engineering | CK3: World History | CN3: Natural Language Processing | CT3: Computer Vision | CZ3: Logical and Automated Reasoning | DD3: Elective I Security and Privacy | DG3: Elective II Image Processing and Analysis | DM3: Philosophy and Critical Thinking | ED3: Final Year Project - I | EX3: Deep Learning | FC3: Artificial Intelligence for Robotics | FH3: Sociology | FK3: Ethics and Social Responsibility | FN3: Philosophy and Critical Thinking | FR3: Final Year Project - II
E4: CLO 1 | F4: CLO 2 | G4: CLO 1 | H4: CLO 2 | I4: CLO 1 | J4: CLO 2 | K4: CLO 1 | L4: CLO 2 | M4: CLO 1 | N4: CLO 2 | O4: CLO 3 | P4: CLO1 | Q4: CLO2 | R4: CLO 1 | S4: CLO 2 | T4: CLO 3 | U4: CLO 1 | V4: CLO 2 | W4: CLO 4 | X4: CLO 1 | Y4: CLO 3 | Z4: CLO 1 | AA4: CLO 2 | AB4: CLO 2 | AC4: CLO 1 | AD4: CLO 2 | AE4: CLO 3 | AF4: CLO 4 | AG4: CLO 1 | AH4: CLO 2 | AI4: CLO 1 | AJ4: CLO 2 | AK4: CLO 3 | AL4: CLO 1 | AM4: CLO 2 | AN4: CLO 3 | AO4: CLO5 | AP4: CLO 1 | AQ4: CLO 2 | AR4: CLO 3 | AS4: CLO 5 | AT4: CLO 4 | AU4: CLO 1 | AV4: CLO 2 | AW4: CLO 4 | AX4: CLO 1 | AY4: CLO 2 | AZ4: CLO 3 | BA4: CLO 1 | BB4: CLO 2 | BC4: CLO 3 | BD4: CLO 1 | BE4: CLO 2 | BF4: CLO 3 | BG4: CLO 1 | BH4: CLO 2 | BI4: CLO 3 | BJ4: CLO 4 | BK4: CLO 7 | BL4: CLO 1 | BM4: CLO 2 | BN4: CLO 3 | BO4: CLO 4 | BP4: CLO 5 | BQ4: CLO 1 | BR4: CLO 2 | BS4: CLO 1 | BT4: CLO 2 | BU4: CLO 3 | BV4: CLO 4 | BW4: CLO 5 | BX4: CLO 6 | BY4: CLO 1 | BZ4: CLO 2 | CA4: CLO 3 | CB4: CLO 4 | CC4: CLO 1 | CD4: CLO 2 | CE4: CLO 3 | CF4: CLO 1 | CG4: CLO 2 | CH4: CLO 1 | CI4: CLO 2 | CJ4: CLO 3 | CK4: CLO 1 | CL4: CLO 2 | CM4: CLO 3 | CN4: CLO1 | CO4: CLO2 | CP4: CLO 3 | CQ4: CLO 4 | CR4: CLO1 | CS4: CLO2 | CT4: CLO1 | CU4: CLO2 | CV4: CLO3 | CW4: CLO4 | CX4: CLO5 | CY4: CLO6 | CZ4: CLO1 | DA4: CLO 2 | DB4: CLO 3 | DC4: CLO 4 | DD4: CLO1 | DE4: CLO2 | DF4: CLO3 | DG4: CLO1 | DH4: CLO2 | DI4: CLO 4 | DJ4: CLO 5 | DM4: CLO1 | DN4: CLO2 | DO4: CLO3 | ED4: R1 | EE4: R2 | EF4: R3 | EG4: R4 | EH4: R5 | EI4: R6 | EJ4: R7 | EK4: R8 | EL4: R9 | EM4: R10 | EN4: R11 | EO4: R12 | EX4: CLO1 | EY4: CLO 2 | EZ4: CLO 3 | FA4: CLO 1 | FB4: CLO 2 | FC4: CLO1 | FD4: CLO2 | FE4: CLO3 | FF4: CLO 1 | FG4: CLO 2 | FH4: CLO1 | FI4: CLO2 | FJ4: CLO3 | FK4: CLO1 | FL4: CLO2 | FM4: CLO3 | FR4: R1 | FS4: R2 | FT4: R3 | FU4: R4 | FV4: R5 | FW4: R6 | FX4: R7 | FY4: R8 | FZ4: R9 | GA4: R10 | GB4: R11 | GC4: R12 | GE4: GA1 | GF4: GA2 | GG4: GA3 | GH4: GA4 | GI4: GA5 | GJ4: GA6 | GK4: GA7 | GL4: GA8 | GM4: GA9 | GN4: GA10
E5: Theory | G5: Lab | I5: Theory | K5: Lab | M5: Theory | P5: Lab | AG5: Lab | AP5: Theory | AS5: Lab | BG5: Theory | BM5: Theory | BQ5: Lab | CA5: Lab | CC5: Theory | CF5: Lab | CH5: GA 2 | CI5: GA 3 | CJ5: GA 5 | CN5: Theory | CR5: Lab | CZ5: Theory | DD5: Theory | DG5: Theory | DM5: Theory | EX5: Theory | FA5: Lab | FC5: Theory | FF5: Lab
E6: GA2 | F6: GA5 | G6: GA2 | H6: GA5 | I6: GA1 | K6: GA1 | M6: GA 1 | N6: GA 2 | O6: GA 4 | P6: GA 1 | Q6: GA 5 | R6: GA1 | U6: GA1 | V6: GA6 | X6: GA10 | Y6: GA2 | Z6: GA10 | AC6: GA 2 | AE6: GA 4 | AG6: GA 4 | AH6: GA 5 | AI6: GA1 | AL6: GA1 | AM6: GA 2 | AN6: GA4 | AO6: GA5 | AP6: GA 3 | AQ6: GA 4 | AR6: GA 5 | AT6: GA4 | AU6: GA 2 | AV6: GA 3 | AW6: GA2 | AX6: GA5 | AZ6: GA1 | BA6: GA2 | BC6: GA4 | BD6: GA6 | BE6: GA7 | BF6: GA8 | BG6: GA1 | BH6: GA3 | BI6: GA4 | BJ6: GA5 | BK6: GA 3 | BL6: GA1 | BM6: GA2 | BO6: GA 5 | BQ6: GA 2 | BR6: GA5 | BS6: GA2 | BT6: GA3 | BU6: GA2 | BV6: GA4 | BW6: GA8 | BX6: GA10 | BY6: GA 2 | BZ6: GA 5 | CA6: GA 2 | CB6: GA 3 | CC6: GA2 | CD6: GA3 | CE6: GA5 | CF6: GA8 | CG6: GA10 | CH6: PLO10 | CI6: PLO9 | CJ6: PLO5 | CK6: PLO1 | CM6: PLO3 | CN6: GA 1 | CO6: GA 2 | CP6: GA 2 | CQ6: GA 4 | CR6: GA 3 | CS6: GA 4 | CT6: PLO1 | CU6: PLO3 | CV6: PLO2 | CW6: PLO5 | CX6: PLO8 | CY6: PLO10 | CZ6: GA 1 | DA6: GA 2 | DB6: GA 2 | DC6: GA 2 | DD6: GA 2 | DE6: GA 3 | DF6: GA 4 | DG6: GA 1 | DH6: GA 2 | DI6: GA 2 | DJ6: GA 4 | DM6: GA1 | DN6: GA 3 | DO6: GA 3 | ED6: GA1 | EE6: GA2 | EF6: GA3 | EG6: GA4 | EH6: GA5 | EI6: GA6 | EJ6: GA7 | EK6: GA8 | EL6: GA9 | EM6: GA10 | EN6: GA11 | EO6: GA12 | EX6: GA 1 | EY6: GA 3 | FA6: GA 1 | FB6: GA 3 | FC6: GA 1 | FD6: GA 2 | FE6: GA 5 | FF6: GA 5 | FH6: PLO1 | FK6: PLO1 | FL6: PLO2 | FM6: PLO5 | FR6: GA1 | FS6: GA2 | FT6: GA3 | FU6: GA4 | FV6: GA5 | FW6: GA6 | FX6: GA7 | FY6: GA8 | FZ6: GA9 | GA6: GA10 | GB6: GA11 | GC6: GA12
B7: 1 | C7: CK-FA22-21274 | D7: Muhammad Hamza | CN7: 71.33 | CO7: 81.25 | CP7: 80 | CQ7: 93.75 | CR7: 93.03 | CS7: 91.52 | CZ7: 75 | DA7: 82 | DB7: 92.5 | DC7: 85 | DD7: 78.33 | DE7: 77.92 | DF7: 74.44 | DG7: 82 | DH7: 68 | DI7: 90 | DJ7: 95 | DM7: 90 | DN7: 91.25 | DO7: 87.74 | GE7: =AVERAGE(CN7,CZ7,DM7,DF22:DG22) | GF7: =AVERAGE(CO7,CP7,DA7,DB7,DC7,DD7,DH7,DI7) | GG7: =AVERAGE(CR7,DE7,DN7,DO7) | GH7: =AVERAGE(CQ7,CS7,DF7,DJ7) | GI7: =AVERAGE(#REF!,#REF!,#REF!,#REF!,#REF!) | GK7: =AVERAGE(DE7) | GL7: =AVERAGE(DF7,#REF!) | GN7: =AVERAGE(#REF!)
B8: 2 | C8: Ck-FA22-21320 | D8: Muhammad Abrar Ali | CN8: 86 | CO8: 84.38 | CP8: 93.89 | CQ8: 97.92 | CR8: 90.61 | CS8: 92.12 | CZ8: 80.83 | DA8: 98 | DB8: 95 | DC8: 90 | DD8: 88 | DE8: 87.85 | DF8: 91.94 | DG8: 78 | DH8: 86 | DI8: 95 | DJ8: 70 | DM8: 87.5 | DN8: 89.82 | DO8: 89.52 | GE8: =AVERAGE(CN8,CZ8,DM8,DF23:DG23) | GF8: =AVERAGE(CO8,CP8,DA8,DB8,DC8,DD8,DH8,DI8) | GG8: =AVERAGE(CR8,DE8,DN8,DO8) | GH8: =AVERAGE(CQ8,CS8,DF8,DJ8) | GI8: =AVERAGE(#REF!,#REF!,#REF!,#REF!,#REF!) | GK8: =AVERAGE(DE8) | GL8: =AVERAGE(DF8,#REF!) | GN8: =AVERAGE(#REF!)
B9: 3 | C9: CK-FA22-21138 | D9: Anwar Ali | CN9: 55.83 | CO9: 58.44 | CP9: 68.06 | CQ9: 85 | CR9: 71.52 | CS9: 66.67 | CZ9: 64.17 | DA9: 64 | DB9: 67.5 | DC9: 70 | DD9: 60.17 | DE9: 58.82 | DF9: 64.17 | DG9: 66 | DH9: 56 | DI9: 50 | DJ9: 55 | DM9: 68.29 | DN9: 60.36 | DO9: 71.9 | GE9: =AVERAGE(CN9,CZ9,DM9,DF24:DG24) | GF9: =AVERAGE(CO9,CP9,DA9,DB9,DC9,DD9,DH9,DI9) | GG9: =AVERAGE(CR9,DE9,DN9,DO9) | GH9: =AVERAGE(CQ9,CS9,DF9,DJ9) | GI9: =AVERAGE(#REF!,#REF!,#REF!,#REF!,#REF!) | GL9: =AVERAGE(DF9,#REF!) | GN9: =AVERAGE(#REF!)
B10: 4 | C10: CK-FA22-21165 | D10: Ashar Ali | CN10: 74.08 | CO10: 73.44 | CP10: 90.56 | CQ10: 93.33 | CR10: 90.3 | CS10: 89.09 | CZ10: 69.17 | DA10: 86 | DB10: 85.83 | DC10: 80 | DD10: 74.17 | DE10: 74.65 | DF10: 76.67 | DG10: 86 | DH10: 74 | DI10: 65 | DJ10: 80 | DM10: 82.5 | DN10: 87.5 | DO10: 82.14 | GE10: =AVERAGE(CN10,CZ10,DM10,DF25:DG25) | GF10: =AVERAGE(CO10,CP10,DA10,DB10,DC10,DD10,DH10,DI10) | GG10: =AVERAGE(CR10,DE10,DN10,DO10) | GH10: =AVERAGE(CQ10,CS10,DF10,DJ10) | GI10: =AVERAGE(#REF!,#REF!,#REF!,#REF!,#REF!) | GK10: =AVERAGE(DE10) | GL10: =AVERAGE(DF10,#REF!) | GN10: =AVERAGE(#REF!)
B11: 5 | C11: CK-FA22-21364 | D11: Hammad Najeeb | CN11: 71 | CO11: 70.31 | CP11: 38.33 | CQ11: 55.83 | CR11: 79.39 | CS11: 74.24 | CZ11: 61.67 | DA11: 76.67 | DB11: 57.5 | DC11: 55 | DD11: 62.17 | DE11: 64.93 | DF11: 64.17 | DG11: 84 | DH11: 68 | DI11: 70 | DJ11: 80 | DM11: 73.75 | DN11: 62.14 | DO11: 77.74 | GE11: =AVERAGE(CN11,CZ11,DM11,DF26:DG26) | GF11: =AVERAGE(CO11,CP11,DA11,DB11,DC11,DD11,DH11,DI11) | GG11: =AVERAGE(CR11,DE11,DN11,DO11) | GH11: =AVERAGE(CQ11,CS11,DF11,DJ11) | GI11: =AVERAGE(#REF!,#REF!,#REF!,#REF!,#REF!) | GL11: =AVERAGE(DF11,#REF!) | GN11: =AVERAGE(#REF!)
B12: 6 | C12: ck-fa22-21319 | D12: Noman Shahid | CN12: 84.83 | CO12: 85.63 | CP12: 89.44 | CQ12: 100 | CR12: 91.21 | CS12: 92.12 | CZ12: 72.5 | DA12: 84.67 | DB12: 87.5 | DC12: 67.5 | DD12: 76.67 | DE12: 82.36 | DF12: 84.72 | DG12: 88 | DH12: 75 | DI12: 65 | DJ12: 95 | DM12: 83.75 | DN12: 90.36 | DO12: 94.64 | GE12: =AVERAGE(CN12,CZ12,DM12,DF27:DG27) | GF12: =AVERAGE(CO12,CP12,DA12,DB12,DC12,DD12,DH12,DI12) | GG12: =AVERAGE(CR12,DE12,DN12,DO12) | GH12: =AVERAGE(CQ12,CS12,DF12,DJ12) | GI12: =AVERAGE(#REF!,#REF!,#REF!,#REF!,#REF!) | GK12: =AVERAGE(DE12) | GL12: =AVERAGE(DF12,#REF!) | GN12: =AVERAGE(#REF!)
B13: 7 | C13: ck-fa22-21209 | D13: Rehmat Ullah | CN13: 68 | CO13: 62.5 | CP13: 69.44 | CQ13: 41.25 | CR13: 77.27 | CS13: 79.7 | CZ13: 55 | DA13: 61.33 | DB13: 83.33 | DC13: 72.5 | DD13: 78.83 | DE13: 71.25 | DF13: 56.67 | DG13: 78 | DH13: 60 | DI13: 90 | DJ13: 95 | DM13: 81.21 | DN13: 81.79 | DO13: 78.81 | GE13: =AVERAGE(CN13,CZ13,DM13,DF28:DG28) | GF13: =AVERAGE(CO13,CP13,DA13,DB13,DC13,DD13,DH13,DI13) | GG13: =AVERAGE(CR13,DE13,DN13,DO13) | GH13: =AVERAGE(CQ13,CS13,DF13,DJ13) | GI13: =AVERAGE(#REF!,#REF!,#REF!,#REF!,#REF!) | GK13: =AVERAGE(DE13) | GL13: =AVERAGE(DF13,#REF!) | GN13: =AVERAGE(#REF!)
B14: 8 | C14: ck-fa22-21164 | D14: Chaudhary Muhammad Ahsaan | CN14: 78.33 | CO14: 79.38 | CP14: 81.11 | CQ14: 93.33 | CR14: 0 | CS14: 0 | CZ14: 52.5 | DA14: 77.67 | DB14: 74.17 | DC14: 70 | DD14: 78.5 | DE14: 76.81 | DF14: 71.67 | DG14: 68 | DH14: 82 | DI14: 65 | DJ14: 100 | DM14: 81.25 | DN14: 73.93 | DO14: 82.62 | GE14: =AVERAGE(CN14,CZ14,DM14,DF29:DG29) | GF14: =AVERAGE(CO14,CP14,DA14,DB14,DC14,DD14,DH14,DI14) | GG14: =AVERAGE(CR14,DE14,DN14,DO14) | GH14: =AVERAGE(CQ14,CS14,DF14,DJ14) | GI14: =AVERAGE(#REF!,#REF!,#REF!,#REF!,#REF!) | GK14: =AVERAGE(DE14) | GL14: =AVERAGE(DF14,#REF!) | GN14: =AVERAGE(#REF!)
B15: 9 | C15: ck-fa22-21141 | D15: Syed Moeen Ali Hamdani | CN15: 0 | CO15: 0 | CP15: 0 | CQ15: 0 | CR15: 63.64 | CS15: 58.48 | CZ15: 0 | DA15: 0 | DB15: 0 | DC15: 0 | DD15: 58.5 | DE15: 51.6 | DF15: 66.94 | DG15: 66 | DH15: 50 | DI15: 70 | DJ15: 70 | DM15: 75 | DN15: 28.57 | DO15: 82.38 | GE15: =AVERAGE(CN15,CZ15,DM15,DF30:DG30) | GF15: =AVERAGE(CO15,CP15,DA15,DB15,DC15,DD15,DH15,DI15) | GG15: =AVERAGE(CR15,DE15,DN15,DO15) | GH15: =AVERAGE(CQ15,CS15,DF15,DJ15) | GI15: =AVERAGE(#REF!,#REF!,#REF!,#REF!,#REF!) | GK15: =AVERAGE(DE15) | GL15: =AVERAGE(DF15,#REF!) | GN15: =AVERAGE(#REF!)
B16: 10 | C16: ck-fa22-21208 | D16: Muhammad Nadeem Khan | CN16: 66.83 | CO16: 69.69 | CP16: 67.78 | CQ16: 71.88 | CR16: 73.03 | CS16: 70.91 | CZ16: 61.67 | DA16: 52 | DB16: 75 | DC16: 62.5 | DD16: 64.67 | DE16: 67.57 | DF16: 61.39 | DG16: 62 | DH16: 72 | DI16: 60 | DJ16: 75 | DM16: 84.58 | DN16: 87.5 | DO16: 82.14 | GE16: =AVERAGE(CN16,CZ16,DM16,DF31:DG31) | GF16: =AVERAGE(CO16,CP16,DA16,DB16,DC16,DD16,DH16,DI16) | GG16: =AVERAGE(CR16,DE16,DN16,DO16) | GH16: =AVERAGE(CQ16,CS16,DF16,DJ16) | GI16: =AVERAGE(#REF!,#REF!,#REF!,#REF!,#REF!) | GK16: =AVERAGE(DE16) | GL16: =AVERAGE(DF16,#REF!) | GN16: =AVERAGE(#REF!)
B17: 11 | C17: ck-fa22-21348 | D17: Qurat Ul Ain | BG17: 76.67 | BH17: 75.31 | BI17: 58 | BJ17: 64.58 | CN17: 71.67 | CO17: 76.88 | CP17: 86.67 | CQ17: 95.42 | CR17: 79.7 | CS17: 77.58 | CZ17: 65 | DA17: 70 | DB17: 63.33 | DC17: 70 | DD17: 81.67 | DE17: 85.76 | DF17: 76.67 | DG17: 54 | DH17: 60 | DI17: 85 | DJ17: 100 | DM17: 78.75 | DN17: 62.86 | DO17: 72.62 | GE17: =AVERAGE(CN17,CZ17,DM17,DF32:DG32) | GF17: =AVERAGE(CO17,CP17,DA17,DB17,DC17,DD17,DH17,DI17) | GG17: =AVERAGE(CR17,DE17,DN17,DO17) | GH17: =AVERAGE(CQ17,CS17,DF17,DJ17) | GI17: =AVERAGE(#REF!,#REF!,#REF!,#REF!,#REF!)
B18: Class Average | E18: =AVERAGE(E7:E17) | F18: =AVERAGE(F7:F17) | G18: =AVERAGE(G7:G17) | H18: =AVERAGE(H7:H17) | I18: =AVERAGE(I7:I17) | J18: =AVERAGE(J7:J17) | K18: =AVERAGE(K7:K17) | M18: =AVERAGE(M7:M17) | N18: =AVERAGE(N7:N17) | O18: =AVERAGE(O7:O17) | P18: =AVERAGE(P7:P17) | Q18: =AVERAGE(Q7:Q17) | R18: =AVERAGE(R7:R17) | S18: =AVERAGE(S7:S17) | T18: =AVERAGE(T7:T17) | ... Z18: =AVERAGE(Z7:Z17) | AB18: =AVERAGE(AB7:AB17) | AC18: =AVERAGE(AC7:AC17) | AD18: =AVERAGE(AD7:AD17) | AE18: =AVERAGE(AE7:AE17) | AF18: =AVERAGE(AF7:AF17) | AG18: =AVERAGE(AG7:AG17) | AH18: =AVERAGE(AH7:AH17) | AI18: =AVERAGE(AI7:AI17) | ... AM18: =AVERAGE(AM7:AM17) | AP18: =AVERAGE(AP7:AP17) | AQ18: =AVERAGE(AQ7:AQ17) | AR18: =AVERAGE(AR7:AR17) | AS18: =AVERAGE(AS7:AS17) | AT18: =AVERAGE(AT7:AT17) | AU18: =AVERAGE(AU7:AU17) | AV18: =AVERAGE(AV7:AV17) | AW18: =AVERAGE(AW7:AW17) | ... GC18: =AVERAGE(GC7:GC17) | GE18: =AVERAGE(GE7:GE17) | GF18: =AVERAGE(GF7:GF17) | GG18: =AVERAGE(GG7:GG17) | GH18: =AVERAGE(GH7:GH17) | GI18: =AVERAGE(GI7:GI17) | GK18: =AVERAGE(GK7:GK17) | GL18: =AVERAGE(GL7:GL17) | GN18: =AVERAGE(GN7:GN17)

Sheet AI-SP-22
A1: AI-SP-22 | BS1: Attainment of GAs | BT1: Attainment of Graduate Attribute
B2: Sr. No. | D2: Student Name | E2: Semester 8 | AM2: Semester - 8
E3: Deep Learning | K3: Artificial Intelligence for Robotics | N3: Ethics and Social Responsibility | S3: Final Year Project - II | AE3: Electives III- Security and Privacy | AI3: Socialogy | AM3: Deep Learning | AR3: Artificial Intelligence for Robotics | AW3: Sociology | AZ3: Ethics and Social Responsibility | BC3: Philosophy and Critical Thinking | BG3: Final Year Project - II
E4: CLO1 | F4: CLO2 | G4: CLO 3 | H4: CLO 1 | I4: CLO 2 | K4: CLO1 | L4: CLO 2 | M4: CLO3 | N4: CLO1 | O4: CLO2 | P4: CLO3 | Q4: CLO 1 | R4: CLO 2 | S4: R1 | T4: R2 | U4: R3 | V4: R4 | W4: R5 | X4: R6 | Y4: R7 | Z4: R8 | AA4: R9 | AB4: R10 | AC4: R11 | AD4: R12 | AE4: CLO 1 | AF4: CLO 2 | AG4: CLO 3 | AH4: CLO 2 | AI4: CLO 1 | AJ4: CLO 2 | AK4: CLO 3 | AL4: CLO 4 | AM4: CLO1 | AN4: CLO 2 | AO4: CLO 3 | AP4: CLO 1 | AQ4: CLO 2 | AR4: CLO1 | AS4: CLO2 | AT4: CLO3 | AU4: CLO 1 | AV4: CLO 2 | AW4: CLO1 | AX4: CLO2 | AY4: CLO3 | AZ4: CLO1 | BA4: CLO2 | BB4: CLO3 | BG4: R1 | BH4: R2 | BI4: R3 | BJ4: R4 | BK4: R5 | BL4: R6 | BM4: R7 | BN4: R8 | BO4: R9 | BP4: R10 | BQ4: R11 | BR4: R12 | BT4: GA1 | BU4: GA2 | BV4: GA3 | BW4: GA4 | BX4: GA5 | BY4: GA6 | BZ4: GA7 | CA4: GA8 | CB4: GA9 | CC4: GA10
E5: Theory | H5: Lab | K5: Theory | N5: Theory | Q5: Lab | AE5: Theory | AI5: Theory | AM5: Theory | AP5: Lab | AR5: Theory | AU5: Lab
E6: GA 2 | F6: GA 3 | G6: GA2 | H6: GA 4 | I6: GA 5 | K6: GA 4 | L6: GA 4 | M6: GA 3 | N6: GA 1 | O6: GA 2 | P6: GA 4 | Q6: GA 3 | R6: GA 4 | S6: GA1 | T6: GA2 | U6: GA3 | V6: GA4 | W6: GA5 | X6: GA6 | Y6: GA7 | Z6: GA8 | AA6: GA9 | AB6: GA10 | AC6: GA11 | AD6: GA12 | AE6: GA 2 | AG6: GA 3 | AH6: GA 4 | AI6: GA 4 | AJ6: GA 2 | AL6: GA 4 | AM6: GA 1 | AN6: GA 3 | AP6: GA 1 | AQ6: GA 3 | AR6: GA 1 | AS6: GA 2 | AT6: GA 5 | AU6: GA 5 | AW6: PLO1 | AZ6: PLO1 | BA6: PLO2 | BB6: PLO5 | BG6: GA1 | BH6: GA2 | BI6: GA3 | BJ6: GA4 | BK6: GA5 | BL6: GA6 | BM6: GA7 | BN6: GA8 | BO6: GA9 | BP6: GA10 | BQ6: GA11 | BR6: GA12
B7: 1 | C7: Ck-sp22-120308 | D7: Abu hurraira | E7: 73.33 | F7: 80 | G7: 83.2 | H7: 80 | I7: 70.91 | K7: 65.24 | L7: 64.46 | M7: 64.89 | N7: 85 | O7: 58.4375 | P7: 76.363636 | Q7: 71 | R7: 75.30303 | AF7: 70.33 | AG7: 67.57 | AH7: 69.17 | BT7: =AVERAGE(E7,H7,N7,AI7) | BU7: =AVERAGE(G7,J7,K7,O7,AE7,AJ7) | BV7: =AVERAGE(G7,J7,L7,Q7) | BW7: =AVERAGE(AL7,R7,P7,M7) | CB7: =AVERAGE(AH7)
B8: 2 | C8: ck-sp-120184 | D8: Muhammad ishfaq | E8: 80 | F8: 75 | G8: 64.81 | H8: 79 | I8: 73.33 | K8: 71.9 | L8: 65.19 | M8: 54.33 | N8: 83.333333 | O8: 57.3125 | P8: 76.818182 | Q8: 78 | R8: 82.651515 | AF8: 67.17 | AG8: 76.81 | AH8: 76.67 | BT8: =AVERAGE(E8,H8,N8,AI8) | BU8: =AVERAGE(G8,J8,K8,O8,AE8,AJ8) | BV8: =AVERAGE(G8,J8,L8,Q8) | BW8: =AVERAGE(AL8,R8,P8,M8) | CB8: =AVERAGE(AH8)
B9: 3 | C9: ck-sp22-120305 | D9: Rida Mustafa | E9: 88.333333 | F9: 91.67 | G9: 90.73 | H9: 91 | I9: 96.36 | K9: 92.38 | L9: 85.8 | M9: 74.64 | N9: 98.333333 | O9: 92.25 | P9: 92.045455 | Q9: 90 | R9: 95.378788 | AF9: 92.67 | AG9: 88.47 | AH9: 91.94 | BT9: =AVERAGE(E9,H9,N9,AI9) | BU9: =AVERAGE(G9,J9,K9,O9,AE9,AJ9) | BV9: =AVERAGE(G9,J9,L9,Q9) | BW9: =AVERAGE(AL9,R9,P9,M9) | CB9: =AVERAGE(AH9)
B10: 4 | C10: Ck-sp22-120254 | D10: Muhammad Daniyal Khan | E10: 78.33 | F10: 73.33 | G10: 68.62 | H10: 83 | I10: 68.18 | K10: 76.19 | L10: 71.26 | M10: 64.39 | N10: 85 | O10: 68.125 | P10: 88.181818 | Q10: 85.333333 | R10: 83.484848 | AF10: 72.17 | AG10: 67.99 | AH10: 84.72 | BT10: =AVERAGE(E10,H10,N10,AI10) | BU10: =AVERAGE(G10,J10,K10,O10,AE10,AJ10) | BV10: =AVERAGE(G10,J10,L10,Q10) | BW10: =AVERAGE(AL10,R10,P10,M10) | CB10: =AVERAGE(AH10)
B11: 5 | C11: Ck-sp22-120306 | D11: Ahmed Mustafa | E11: 73.33 | F11: 83.33 | G11: 86.8 | H11: 88 | I11: 89.09 | K11: 71.9 | L11: 69.49 | M11: 68.49 | N11: 90 | O11: 74.3125 | P11: 68.409091 | Q11: 80 | R11: 83.409091 | AF11: 71.33 | AG11: 75.69 | AH11: 74.17 | BT11: =AVERAGE(E11,H11,N11,AI11) | BU11: =AVERAGE(G11,J11,K11,O11,AE11,AJ11) | BV11: =AVERAGE(G11,J11,L11,Q11) | BW11: =AVERAGE(AL11,R11,P11,M11) | CB11: =AVERAGE(AH11)
B12: 6 | C12: Ck-sp22-120312 | D12: Daniyal Ahmed | E12: 58.333333 | F12: 50 | G12: 50.29 | H12: 72 | I12: 70.91 | K12: 67.14 | L12: 60.92 | M12: 57.03 | N12: 56.666667 | O12: 50.84375 | P12: 77.5 | Q12: 68 | R12: 69.848485 | AF12: 0 | AG12: 0 | AH12: 0 | BT12: =AVERAGE(E12,H12,N12,AI12) | BU12: =AVERAGE(G12,J12,K12,O12,AE12,AJ12) | BV12: =AVERAGE(G12,J12,L12,Q12) | BW12: =AVERAGE(AL12,R12,P12,M12) | CB12: =AVERAGE(AH12)
B13: 7 | C13: ck-sp22-110507 | D13: Syed Noor Ali Rizvi | E13: 71.666667 | F13: 65 | G13: 82.6 | H13: 71 | I13: 65.91 | K13: 59.52 | L13: 59.22 | M13: 57.54 | N13: 63.33 | O13: 52.88 | P13: 78.636364 | Q13: 77.666667 | R13: 71.590909 | AF13: 77.17 | AG13: 67.08 | AH13: 74.14 | BT13: =AVERAGE(E13,H13,N13,AI13) | BU13: =AVERAGE(G13,J13,K13,O13,AE13,AJ13) | BV13: =AVERAGE(G13,J13,L13,Q13) | BW13: =AVERAGE(AL13,R13,P13,M13) | CB13: =AVERAGE(AH13)
B14: Class Average | E14: =AVERAGE(E7:E13) | F14: =AVERAGE(F7:F13) | G14: =AVERAGE(G7:G13) | H14: =AVERAGE(H7:H13) | I14: =AVERAGE(I7:I13) | J14: =AVERAGE(J7:J13) | K14: =AVERAGE(K7:K13) | L14: =AVERAGE(L7:L13) | ... AJ14: =AVERAGE(AJ7:AJ13) | AL14: =AVERAGE(AL7:AL13) | AM14: =AVERAGE(AM7:AM13) | AN14: =AVERAGE(AN7:AN13) | AO14: =AVERAGE(AO7:AO13) | AP14: =AVERAGE(AP7:AP13) | AQ14: =AVERAGE(AQ7:AQ13) | AR14: =AVERAGE(AR7:AR13) | AS14: =AVERAGE(AS7:AS13) | ... BR14: =AVERAGE(BR7:BR13) | BT14: =AVERAGE(BT7:BT13) | BU14: =AVERAGE(BU7:BU13) | BV14: =AVERAGE(BV7:BV13) | BW14: =AVERAGE(BW7:BW13) | CB14: =AVERAGE(CB7:CB13)

Sheet AI-FA-21
A1: AI-FA-21 | AQ1: Attainment of GAs | AR1: Attainment of Graduate Attribute
B2: Sr. No. | D2: Student Name | K2: Semester - 8
E3: Logical And Automated Reasoning | H3: Image Processing and Analysis | K3: Deep Learning | P3: Computer Vision | V3: Artificial Intelligence for Robotics | Y3: Ethics and Social Responsibility | AB3: Big Data Analysis | AE3: Final Year Project - II
E4: CLO 1 | F4: CLO 2 | G4: CLO 3 | H4: CLO1 | I4: CLO2 | J4: CLO3 | K4: CLO1 | L4: CLO 2 | M4: CLO 3 | N4: CLO 1 | O4: CLO 2 | P4: CLO1 | Q4: CLO2 | R4: CLO3 | S4: CLO 1 | T4: CLO 2 | U4: CLO 3 | V4: CLO1 | W4: CLO2 | X4: CLO3 | Y4: CLO1 | Z4: CLO2 | AA4: CLO3 | AB4: CLO 1 | AC4: CLO 2 | AD4: CLO 3 | AE4: CLO 1 | AF4: CLO 2 | AG4: CLO 3 | AH4: CLO 4 | AI4: CLO 5 | AJ4: CLO 6 | AK4: CLO 7 | AL4: CLO 8 | AM4: CLO 9 | AN4: CLO 10 | AO4: CLO 11 | AP4: CLO 12 | AR4: GA1 | AS4: GA2 | AT4: GA3 | AU4: GA4 | AV4: GA5 | AW4: GA6 | AX4: GA7 | AY4: GA8 | AZ4: GA9 | BA4: GA10
E5: Theory | K5: Theory | N5: Lab | P5: Theory | S5: Lab
E6: GA1 | F6: GA2 | G6: GA4 | H6: GA1 | I6: GA2 | J6: GA4 | K6: GA 2 | L6: GA 3 | N6: GA 2 | O6: GA 3 | P6: GA 1 | Q6: GA 3 | R6: GA 3 | S6: GA 1 | T6: GA 3 | U6: GA 3 | V6: GA 1 | Y6: PLO1 | Z6: PLO2 | AA6: PLO5 | AB6: GA 2 | AC6: GA 3 | AD6: GA 4 | AE6: GA1 | AF6: GA2 | AG6: GA3 | AH6: GA4 | AI6: GA5 | AJ6: GA6 | AK6: GA7 | AL6: GA8 | AM6: GA9 | AN6: GA10 | AO6: GA11 | AP6: GA12
B7: 1 | C7: Ck-fa21-110511 | D7: Shahzaib | E7: 81.56 | F7: 79.17 | G7: 82.5 | H7: 78.75 | I7: 76.25 | J7: 81.25 | K7: 69.43 | L7: 72.5 | N7: 95.555556 | O7: 86.785714 | P7: 90 | Q7: 77.81 | R7: 70.83 | S7: 80 | T7: 73.333333 | U7: 72.083333 | V7: 62.81 | AB7: 60 | AC7: 58.57 | AD7: 60 | AR7: =AVERAGE(V7,S7,P7) | AS7: =AVERAGE(AB7,N7,K7) | AT7: =AVERAGE(AC7,U7,R7,Q7,O7,L7) | AU7: =AVERAGE(AD7)
B8: 2 | C8: Ck-fa21-110508 | D8: Muhammad Abbas | E8: 72.67 | F8: 80.56 | G8: 70 | H8: 72.5 | I8: 80 | J8: 61.666667 | K8: 20.35 | L8: 17.86 | N8: 76.666667 | O8: 67.380952 | P8: 85 | Q8: 75.94 | R8: 58.75 | S8: 60 | T8: 53.333333 | U8: 50 | V8: 60.79 | AB8: 7.5 | AC8: 20 | AD8: 45 | AR8: =AVERAGE(V8,S8,P8) | AS8: =AVERAGE(AB8,N8,K8) | AT8: =AVERAGE(AC8,U8,R8,Q8,O8,L8) | AU8: =AVERAGE(AD8)
B9: 3 | C9: ck-fa21-110510 | D9: Ahmad Raza | E9: 80.89 | F9: 83.61 | G9: 75 | H9: 81.25 | I9: 77.916667 | J9: 57.5 | K9: 79.2 | L9: 95.71 | N9: 96.666667 | O9: 87.738095 | P9: 80 | Q9: 69.06 | R9: 61.67 | S9: 85 | T9: 63.333333 | U9: 69.583333 | V9: 58.98 | AB9: 65 | AC9: 62.86 | AD9: 60 | AR9: =AVERAGE(V9,S9,P9) | AS9: =AVERAGE(AB9,N9,K9) | AT9: =AVERAGE(AC9,U9,R9,Q9,O9,L9) | AU9: =AVERAGE(AD9)
B10: Class Average | E10: =AVERAGE(E7:E9) | F10: =AVERAGE(F7:F9) | G10: =AVERAGE(G7:G9) | H10: =AVERAGE(H7:H9) | I10: =AVERAGE(I7:I9) | J10: =AVERAGE(J7:J9) | K10: =AVERAGE(K7:K9) | L10: =AVERAGE(L7:L9) | ... V10: =AVERAGE(V7:V9) | Y10: =AVERAGE(Y7:Y9) | Z10: =AVERAGE(Z7:Z9) | AA10: =AVERAGE(AA7:AA9) | AB10: =AVERAGE(AB7:AB9) | AC10: =AVERAGE(AC7:AC9) | AD10: =AVERAGE(AD7:AD9) | AE10: =AVERAGE(AE7:AE9) | AF10: =AVERAGE(AF7:AF9) | ... AP10: =AVERAGE(AP7:AP9) | AR10: =AVERAGE(AR7:AR9) | AS10: =AVERAGE(AS7:AS9) | AT10: =AVERAGE(AT7:AT9) | AU10: =AVERAGE(AU7:AU9)

Sheet Sheet1
C3: GA 1 | D3: GA 2 | E3: GA 3 | F3: GA 4 | G3: GA 5 | H3: GA 6 | I3: GA 7 | J3: GA 8 | K3: GA 9 | L3: GA 10
B4: AI-SP-25 | C4: ='AI-SP-25'!HP31 | D4: ='AI-SP-25'!HQ31 | E4: ='AI-SP-25'!HR31 | F4: ='AI-SP-25'!HS31 | G4: ='AI-SP-25'!HT31 | I4: ='AI-SP-25'!HV31 | J4: ='AI-SP-25'!HW31 | K4: ='AI-SP-25'!HX31 | L4: ='AI-SP-25'!HY31
B5: AI-FA-24 | C5: ='AI-FA-24'!HV46 | D5: ='AI-FA-24'!HW46 | E5: ='AI-FA-24'!HX46 | F5: ='AI-FA-24'!HY46 | G5: ='AI-FA-24'!HZ46 | H5: ='AI-FA-24'!IA46 | I5: ='AI-FA-24'!IB46 | K5: ='AI-FA-24'!ID46 | L5: ='AI-FA-24'!IE46
B6: AI-SP-24 | C6: ='AI-SP-24'!BR36 | D6: ='AI-SP-24'!BS36 | E6: ='AI-SP-24'!BT36 | F6: ='AI-SP-24'!BU36 | G6: ='AI-SP-24'!BV36 | H6: ='AI-SP-24'!BW36 | I6: ='AI-SP-24'!BX36 | K6: ='AI-SP-24'!BZ36
B7: AI-FA-23 | C7: ='AI-FA-23'!BP36 | D7: ='AI-FA-23'!BQ36 | E7: ='AI-FA-23'!BR36 | F7: ='AI-FA-23'!BS36 | G7: ='AI-FA-23'!BT36 | J7: ='AI-FA-23'!BW36 | K7: ='AI-FA-23'!BX36 | L7: ='AI-FA-23'!BY36
B8: AI-SP-23 | C8: ='AI-SP-23'!EF21 | D8: ='AI-SP-23'!EG21 | E8: ='AI-SP-23'!EH21 | F8: ='AI-SP-23'!EI21 | G8: ='AI-SP-23'!EJ21
B9: AI-FA-22 | C9: ='AI-FA-22'!GE18 | D9: ='AI-FA-22'!GF18 | E9: ='AI-FA-22'!GG18 | F9: ='AI-FA-22'!GH18 | G9: ='AI-FA-22'!GI18 | I9: ='AI-FA-22'!GK18 | J9: ='AI-FA-22'!GL18 | L9: ='AI-FA-22'!GN18
B10: AI-SP-22 | C10: ='AI-SP-22'!BT14 | D10: ='AI-SP-22'!BU14 | E10: ='AI-SP-22'!BV14 | F10: ='AI-SP-22'!BW14 | G10: ='AI-SP-22'!BX14 | I10: ='AI-SP-22'!BZ14 | J10: ='AI-SP-22'!CA14 | K10: ='AI-SP-22'!CB14
B11: AI-FA-21 | C11: ='AI-FA-21'!AR10 | D11: ='AI-FA-21'!AS10 | E11: ='AI-FA-21'!AT10 | F11: ='AI-FA-21'!AU10 | G11: ='AI-FA-21'!AV10
B12: Aggregate | C12: =AVERAGE(C4:C11) | D12: =AVERAGE(D4:D11) | E12: =AVERAGE(E4:E11) | F12: =AVERAGE(F4:F11) | G12: =AVERAGE(G4:G11) | H12: =AVERAGE(H4:H11) | I12: =AVERAGE(I4:I11) | J12: =AVERAGE(J4:J11) | ... L12: =AVERAGE(L4:L11)
C16: PO 1 | D16: PO 2 | E16: PO 3 | F16: PO 4
B17: GA 1 | C17: =C12 | D17: =C12
B18: GA 2 | C18: =D12 | D18: =D12
B19: GA 3 | D19: =E11 | E19: =E12
B20: GA 4 | D20: =F12 | E20: =F12
B21: GA 5 | D21: =G12
B22: GA 6 | E22: =H12 | F22: =H12
B23: GA 7 | E23: =I12 | F23: =I12
B24: GA 8 | E24: =J12
B25: GA 9 | F25: =K12
B26: GA 10 | E26: =L12
